collection_id,source,preset,catalog_version,catalog_sha256,fetched_utc,tle_file,object_count,snapshot_utc,object_1,object_2,tle_epoch_1_utc,tle_epoch_2_utc,max_tle_age_hours,tca_utc,time_to_tca_min,current_distance_km,min_distance_km,relative_velocity_km_s,altitude_1_km,altitude_2_km,altitude_difference_km,relative_radial_km,relative_intrack_km,relative_crosstrack_km,relative_inclination_deg,radial_velocity_km_s,tangential_velocity_km_s,approach_angle_deg,risk_score,fixed_threshold_alarm,risk_label,tca_boundary_flag,object_1_catalog_id,object_2_catalog_id
20260723_064210,preset:leo_mixed,leo_mixed,iac26-leo-mixed-75-v1,64c3d2329281da0e246226cb552aafe3b961c553c9487d7cfd9c96374aaa1f4c,2026-07-23T06:42:10Z,staging/collection/tle/tles_20260723_064210.txt,75,2026-07-23T06:42:10Z,AQUA,COSMOS 2251 DEB,2026-07-22T21:58:28Z,2026-07-22T21:51:15Z,8.849,2026-07-23T13:34:02.042437Z,411.867373950,12090.240,9.848,14.107686,690.494,723.947,33.452,7.629,2.117,5.857,140.643,-5.870854,0.070402,179.313,2.0456020681,1,1,0,27424,33835
20260723_064210,preset:leo_mixed,leo_mixed,iac26-leo-mixed-75-v1,64c3d2329281da0e246226cb552aafe3b961c553c9487d7cfd9c96374aaa1f4c,2026-07-23T06:42:10Z,staging/collection/tle/tles_20260723_064210.txt,75,2026-07-23T06:42:10Z,SENTINEL-5P,IRIDIUM 33 DEB,2026-07-22T07:17:31Z,2026-07-22T21:40:05Z,23.411,2026-07-23T07:25:44.029681Z,43.567161350,6129.907,33.826,14.294191,834.723,852.775,18.051,-29.846,4.781,-15.183,147.229,12.778423,0.187983,0.843,0.8195920819,0,1,0,42969,33866
20260723_064210,preset:leo_mixed,leo_mixed,iac26-leo-mixed-75-v1,64c3d2329281da0e246226cb552aafe3b961c553c9487d7cfd9c96374aaa1f4c,2026-07-23T06:42:10Z,staging/collection/tle/tles_20260723_064210.txt,75,2026-07-23T06:42:10Z,IRIDIUM 33 DEB,COSMOS 2251 DEB,2026-07-22T07:56:01Z,2026-07-22T22:48:14Z,22.769,2026-07-23T07:30:11.527737Z,48.025462283,1657.086,35.451,13.970114,757.867,750.695,7.171,-0.695,12.636,-33.115,137.903,13.825556,0.326217,1.352,0.7618485655,0,1,0,33773,33828
20260723_064210,preset:leo_mixed,leo_mixed,iac26-leo-mixed-75-v1,64c3d2329281da0e246226cb552aafe3b961c553c9487d7cfd9c96374aaa1f4c,2026-07-23T06:42:10Z,staging/collection/tle/tles_20260723_064210.txt,75,2026-07-23T06:42:10Z,IRIDIUM 33 DEB,COSMOS 2251 DEB,2026-07-22T21:40:05Z,2026-07-22T18:08:14Z,12.565,2026-07-23T09:15:51.282065Z,153.688034417,2408.314,33.974,13.261810,852.775,718.886,133.889,-18.961,-13.115,-24.954,124.452,-12.549161,3.216827,165.622,0.6973875912,0,1,0,33866,33913
20260723_064210,preset:leo_mixed,leo_mixed,iac26-leo-mixed-75-v1,64c3d2329281da0e246226cb552aafe3b961c553c9487d7cfd9c96374aaa1f4c,2026-07-23T06:42:10Z,staging/collection/tle/tles_20260723_064210.txt,75,2026-07-23T06:42:10Z,IRIDIUM 33 DEB,COSMOS 2251 DEB,2026-07-22T17:02:35Z,2026-07-22T06:41:08Z,24.017,2026-07-23T13:26:07.999430Z,403.966657167,4819.932,30.557,13.828682,754.615,722.533,32.081,-29.990,2.412,5.342,135.450,-12.798923,1.346678,173.994,0.6511932119,0,1,0,33850,33758
20260723_064210,preset:leo_mixed,leo_mixed,iac26-leo-mixed-75-v1,64c3d2329281da0e246226cb552aafe3b961c553c9487d7cfd9c96374aaa1f4c,2026-07-23T06:42:10Z,staging/collection/tle/tles_20260723_064210.txt,75,2026-07-23T06:42:10Z,SENTINEL-1A,COSMOS 2251 DEB,2026-07-22T22:56:51Z,2026-07-22T22:53:08Z,7.817,2026-07-23T09:10:15.927630Z,148.098793833,539.714,40.746,12.982335,704.170,743.395,39.224,27.690,-14.976,25.870,119.789,11.561795,5.757848,26.474,0.5716884695,0,1,0,39634,33838
20260723_064210,preset:leo_mixed,leo_mixed,iac26-leo-mixed-75-v1,64c3d2329281da0e246226cb552aafe3b961c553c9487d7cfd9c96374aaa1f4c,2026-07-23T06:42:10Z,staging/collection/tle/tles_20260723_064210.txt,75,2026-07-23T06:42:10Z,IRIDIUM 33 DEB,COSMOS 2251 DEB,2026-07-22T07:56:01Z,2026-07-22T18:58:09Z,22.769,2026-07-23T16:15:45.033009Z,573.583883483,13527.404,33.097,14.693032,757.867,691.408,66.458,-2.948,6.088,32.398,158.828,3.668172,0.654617,10.118,0.5342197493,0,1,0,33773,33839
20260723_064210,preset:leo_mixed,leo_mixed,iac26-leo-mixed-75-v1,64c3d2329281da0e246226cb552aafe3b961c553c9487d7cfd9c96374aaa1f4c,2026-07-23T06:42:10Z,staging/collection/tle/tles_20260723_064210.txt,75,2026-07-23T06:42:10Z,TERRA,COSMOS 2251 DEB,2026-07-22T21:50:45Z,2026-07-22T06:41:08Z,24.017,2026-07-23T16:36:39.737551Z,594.495625850,1249.575,27.319,11.478366,698.656,722.533,23.877,23.337,9.028,10.962,100.062,-7.225339,8.814957,129.340,0.4934068636,0,1,0,25994,33758
20260723_064210,preset:leo_mixed,leo_mixed,iac26-leo-mixed-75-v1,64c3d2329281da0e246226cb552aafe3b961c553c9487d7cfd9c96374aaa1f4c,2026-07-23T06:42:10Z,staging/collection/tle/tles_20260723_064210.txt,75,2026-07-23T06:42:10Z,IRIDIUM 33 DEB,COSMOS 2251 DEB,2026-07-22T08:13:49Z,2026-07-22T18:02:09Z,22.472,2026-07-23T08:56:18.022108Z,134.133701800,12773.533,57.972,14.868599,705.857,969.812,263.955,57.850,0.974,-3.629,160.465,6.242358,0.668183,6.110,0.4651798595,0,0,0,33777,33917
20260723_064210,preset:leo_mixed,leo_mixed,iac26-leo-mixed-75-v1,64c3d2329281da0e246226cb552aafe3b961c553c9487d7cfd9c96374aaa1f4c,2026-07-23T06:42:10Z,staging/collection/tle/tles_20260723_064210.txt,75,2026-07-23T06:42:10Z,IRIDIUM 33 DEB,IRIDIUM 33 DEB,2026-07-22T22:46:30Z,2026-07-22T05:29:59Z,25.203,2026-07-23T10:19:46.346084Z,217.605768067,10841.106,46.769,11.881776,584.351,555.487,28.864,-35.386,-19.203,-23.799,103.186,1.216603,0.543001,24.052,0.4313249645,0,1,0,33960,34088
20260723_064210,preset:leo_mixed,leo_mixed,iac26-leo-mixed-75-v1,64c3d2329281da0e246226cb552aafe3b961c553c9487d7cfd9c96374aaa1f4c,2026-07-23T06:42:10Z,staging/collection/tle/tles_20260723_064210.txt,75,2026-07-23T06:42:10Z,COSMOS 2251 DEB,COSMOS 2251 DEB,2026-07-22T19:01:40Z,2026-07-22T22:48:14Z,11.675,2026-07-23T12:30:45.293636Z,348.588227267,2707.401,46.178,13.016877,603.795,750.695,146.900,37.012,-13.570,24.048,120.908,-10.838284,7.110657,146.732,0.4272973435,0,1,0,33825,33828
20260723_064210,preset:leo_mixed,leo_mixed,iac26-leo-mixed-75-v1,64c3d2329281da0e246226cb552aafe3b961c553c9487d7cfd9c96374aaa1f4c,2026-07-23T06:42:10Z,staging/collection/tle/tles_20260723_064210.txt,75,2026-07-23T06:42:10Z,NOAA 15,COSMOS 2251 DEB,2026-07-22T20:55:02Z,2026-07-22T19:41:17Z,11.015,2026-07-23T16:44:59.367309Z,602.822788483,1146.181,35.816,13.000759,804.725,812.017,7.292,3.564,17.276,-31.170,121.968,10.076705,8.293311,39.455,0.4220668645,0,1,0,25338,33915
20260723_064210,preset:leo_mixed,leo_mixed,iac26-leo-mixed-75-v1,64c3d2329281da0e246226cb552aafe3b961c553c9487d7cfd9c96374aaa1f4c,2026-07-23T06:42:10Z,staging/collection/tle/tles_20260723_064210.txt,75,2026-07-23T06:42:10Z,IRIDIUM 33 DEB,COSMOS 2251 DEB,2026-07-22T15:43:55Z,2026-07-22T20:39:33Z,14.971,2026-07-23T07:34:36.013643Z,52.433560717,3025.836,67.802,13.914018,670.458,639.516,30.942,-50.375,17.287,41.959,135.275,-13.533883,0.316648,178.660,0.3954863751,0,0,0,34521,33830
20260723_064210,preset:leo_mixed,leo_mixed,iac26-leo-mixed-75-v1,64c3d2329281da0e246226cb552aafe3b961c553c9487d7cfd9c96374aaa1f4c,2026-07-23T06:42:10Z,staging/collection/tle/tles_20260723_064210.txt,75,2026-07-23T06:42:10Z,SENTINEL-1A,COSMOS 2251 DEB,2026-07-22T22:56:51Z,2026-07-22T19:41:17Z,11.015,2026-07-23T15:52:54.172841Z,550.736214017,3251.302,44.002,13.827158,704.170,812.017,107.847,42.856,-3.524,-9.333,134.140,-12.145755,5.984246,153.770,0.3881149461,0,1,0,39634,33915
20260723_064210,preset:leo_mixed,leo_mixed,iac26-leo-mixed-75-v1,64c3d2329281da0e246226cb552aafe3b961c553c9487d7cfd9c96374aaa1f4c,2026-07-23T06:42:10Z,staging/collection/tle/tles_20260723_064210.txt,75,2026-07-23T06:42:10Z,IRIDIUM 33 DEB,COSMOS 2251 DEB,2026-07-22T21:40:05Z,2026-07-22T11:01:00Z,19.686,2026-07-23T17:30:07.537686Z,647.958961433,4762.231,31.711,10.987671,852.775,775.009,77.766,-12.080,-20.036,21.406,94.982,9.465229,2.949473,17.308,0.3811591383,0,1,0,33866,33762
20260723_064210,preset:leo_mixed,leo_mixed,iac26-leo-mixed-75-v1,64c3d2329281da0e246226cb552aafe3b961c553c9487d7cfd9c96374aaa1f4c,2026-07-23T06:42:10Z,staging/collection/tle/tles_20260723_064210.txt,75,2026-07-23T06:42:10Z,AURA,IRIDIUM 33 DEB,2026-07-22T20:44:51Z,2026-07-22T07:14:29Z,23.461,2026-07-23T10:15:45.432444Z,213.590540733,11290.540,66.231,14.585857,688.357,746.532,58.175,55.659,8.333,34.918,153.005,-8.420512,0.409882,177.213,0.3751203247,0,0,0,28376,33775
20260723_064210,preset:leo_mixed,leo_mixed,iac26-leo-mixed-75-v1,64c3d2329281da0e246226cb552aafe3b961c553c9487d7cfd9c96374aaa1f4c,2026-07-23T06:42:10Z,staging/collection/tle/tles_20260723_064210.txt,75,2026-07-23T06:42:10Z,NOAA 20 (JPSS-1),COSMOS 2251 DEB,2026-07-22T21:05:30Z,2026-07-22T19:41:17Z,11.015,2026-07-23T11:48:01.281433Z,305.854690550,2692.065,64.323,14.578120,834.931,812.017,22.914,-45.641,-8.784,-44.466,157.344,-14.178896,1.815487,172.703,0.3570025510,0,0,0,43013,33915
20260723_064210,preset:leo_mixed,leo_mixed,iac26-leo-mixed-75-v1,64c3d2329281da0e246226cb552aafe3b961c553c9487d7cfd9c96374aaa1f4c,2026-07-23T06:42:10Z,staging/collection/tle/tles_20260723_064210.txt,75,2026-07-23T06:42:10Z,COSMOS 2251 DEB,COSMOS 2251 DEB,2026-07-22T18:30:10Z,2026-07-22T22:53:08Z,12.200,2026-07-23T17:35:45.079249Z,653.584654150,4067.679,39.874,12.992990,766.421,743.395,23.026,-39.849,-0.717,1.194,120.210,-11.933717,2.937827,166.170,0.3559120231,0,1,0,33764,33838
20260723_064210,preset:leo_mixed,leo_mixed,iac26-leo-mixed-75-v1,64c3d2329281da0e246226cb552aafe3b961c553c9487d7cfd9c96374aaa1f4c,2026-07-23T06:42:10Z,staging/collection/tle/tles_20260723_064210.txt,75,2026-07-23T06:42:10Z,IRIDIUM 33 DEB,COSMOS 2251 DEB,2026-07-22T17:54:42Z,2026-07-22T18:08:14Z,12.791,2026-07-23T07:09:59.930545Z,27.832175750,13614.015,81.469,14.697735,635.244,718.886,83.642,77.216,-4.623,-25.563,159.145,2.931532,0.045764,0.894,0.3538427059,0,0,0,33862,33913
20260723_064210,preset:leo_mixed,leo_mixed,iac26-leo-mixed-75-v1,64c3d2329281da0e246226cb552aafe3b961c553c9487d7cfd9c96374aaa1f4c,2026-07-23T06:42:10Z,staging/collection/tle/tles_20260723_064210.txt,75,2026-07-23T06:42:10Z,TERRA,COSMOS 2251 DEB,2026-07-22T21:50:45Z,2026-07-22T22:31:48Z,8.857,2026-07-23T13:16:14.381953Z,394.073032550,3422.949,61.423,14.770939,698.656,777.894,79.238,60.327,1.846,11.405,161.202,14.113730,2.486302,9.991,0.3493355035,0,0,0,25994,33766
20260723_064210,preset:leo_mixed,leo_mixed,iac26-leo-mixed-75-v1,64c3d2329281da0e246226cb552aafe3b961c553c9487d7cfd9c96374aaa1f4c,2026-07-23T06:42:10Z,staging/collection/tle/tles_20260723_064210.txt,75,2026-07-23T06:42:10Z,SENTINEL-1A,IRIDIUM 33 DEB,2026-07-22T22:56:51Z,2026-07-22T21:40:05Z,9.035,2026-07-23T09:12:17.322910Z,150.122048500,541.425,75.895,14.387848,704.170,852.775,148.605,73.923,4.487,16.595,147.235,-0.195527,14.294252,90.784,0.3396231509,0,0,0,39634,33866
20260723_064210,preset:leo_mixed,leo_mixed,iac26-leo-mixed-75-v1,64c3d2329281da0e246226cb552aafe3b961c553c9487d7cfd9c96374aaa1f4c,2026-07-23T06:42:10Z,staging/collection/tle/tles_20260723_064210.txt,75,2026-07-23T06:42:10Z,IRIDIUM 33 DEB,COSMOS 2251 DEB,2026-07-22T08:13:49Z,2026-07-22T18:14:30Z,22.472,2026-07-23T15:32:51.902372Z,530.698372867,14160.733,58.948,14.819186,705.857,870.371,164.514,51.857,4.811,-27.616,160.197,1.005486,1.652608,58.683,0.3174906346,0,0,0,33777,33823
20260723_064210,preset:leo_mixed,leo_mixed,iac26-leo-mixed-75-v1,64c3d2329281da0e246226cb552aafe3b961c553c9487d7cfd9c96374aaa1f4c,2026-07-23T06:42:10Z,staging/collection/tle/tles_20260723_064210.txt,75,2026-07-23T06:42:10Z,SENTINEL-5P,SWOT,2026-07-22T07:17:31Z,2026-07-22T20:35:53Z,23.411,2026-07-23T07:20:53.180071Z,38.719667850,9821.185,91.361,14.613413,834.723,899.440,64.716,66.558,-10.949,61.620,159.667,10.575979,0.036098,0.196,0.3113016632,0,0,0,42969,54754
20260723_064210,preset:leo_mixed,leo_mixed,iac26-leo-mixed-75-v1,64c3d2329281da0e246226cb552aafe3b961c553c9487d7cfd9c96374aaa1f4c,2026-07-23T06:42:10Z,staging/collection/tle/tles_20260723_064210.txt,75,2026-07-23T06:42:10Z,IRIDIUM 33 DEB,COSMOS 2251 DEB,2026-07-22T18:27:29Z,2026-07-22T07:23:13Z,23.316,2026-07-23T08:43:40.275562Z,121.504592700,13404.902,86.333,14.431707,667.619,857.143,189.524,86.093,1.470,-6.269,146.855,-3.054271,0.630487,168.336,0.3061165357,0,0,0,34077,33822
20260723_064210,preset:leo_mixed,leo_mixed,iac26-leo-mixed-75-v1,64c3d2329281da0e246226cb552aafe3b961c553c9487d7cfd9c96374aaa1f4c,2026-07-23T06:42:10Z,staging/collection/tle/tles_20260723_064210.txt,75,2026-07-23T06:42:10Z,SENTINEL-1A,COSMOS 2251 DEB,2026-07-22T22:56:51Z,2026-07-22T06:41:08Z,24.017,2026-07-23T12:25:05.303596Z,342.921726600,1681.553,37.947,7.620503,704.170,722.533,18.363,23.946,-25.259,15.117,61.047,6.929077,2.516058,19.957,0.3059955618,0,0,0,39634,33758
20260723_064210,preset:leo_mixed,leo_mixed,iac26-leo-mixed-75-v1,64c3d2329281da0e246226cb552aafe3b961c553c9487d7cfd9c96374aaa1f4c,2026-07-23T06:42:10Z,staging/collection/tle/tles_20260723_064210.txt,75,2026-07-23T06:42:10Z,SENTINEL-2A,COSMOS 2251 DEB,2026-07-22T22:46:31Z,2026-07-22T06:41:08Z,24.017,2026-07-23T09:12:09.322666Z,149.988711100,502.834,79.725,13.241373,797.250,722.533,74.716,-73.164,-14.908,27.943,124.550,-0.895761,13.174909,93.890,0.2975788498,0,0,0,40697,33758
20260723_064210,preset:leo_mixed,leo_mixed,iac26-leo-mixed-75-v1,64c3d2329281da0e246226cb552aafe3b961c553c9487d7cfd9c96374aaa1f4c,2026-07-23T06:42:10Z,staging/collection/tle/tles_20260723_064210.txt,75,2026-07-23T06:42:10Z,NOAA 15,COSMOS 2251 DEB,2026-07-22T20:55:02Z,2026-07-22T21:51:15Z,9.785,2026-07-23T08:27:10.048419Z,105.000806983,4656.432,95.791,14.832247,804.725,723.947,80.778,-84.304,4.771,-45.232,168.169,-14.010606,0.285475,178.833,0.2870995874,0,0,0,25338,33835
20260723_064210,preset:leo_mixed,leo_mixed,iac26-leo-mixed-75-v1,64c3d2329281da0e246226cb552aafe3b961c553c9487d7cfd9c96374aaa1f4c,2026-07-23T06:42:10Z,staging/collection/tle/tles_20260723_064210.txt,75,2026-07-23T06:42:10Z,AQUA,IRIDIUM 33 DEB,2026-07-22T21:58:28Z,2026-07-22T17:02:35Z,13.660,2026-07-23T16:05:45.860949Z,563.597682483,11290.207,60.130,12.977538,690.494,754.615,64.120,57.847,8.165,14.239,119.798,-5.433454,1.946159,160.293,0.2627061108,0,0,0,27424,33850
20260723_064210,preset:leo_mixed,leo_mixed,iac26-leo-mixed-75-v1,64c3d2329281da0e246226cb552aafe3b961c553c9487d7cfd9c96374aaa1f4c,2026-07-23T06:42:10Z,staging/collection/tle/tles_20260723_064210.txt,75,2026-07-23T06:42:10Z,NOAA 20 (JPSS-1),COSMOS 2251 DEB,2026-07-22T21:05:30Z,2026-07-22T18:30:10Z,12.200,2026-07-23T10:17:06.131313Z,214.935521883,6972.734,65.669,9.637481,834.931,766.421,68.510,-57.191,24.710,-20.761,80.789,-6.468775,1.358981,168.136,0.2497048713,0,0,0,43013,33764
20260723_064210,preset:leo_mixed,leo_mixed,iac26-leo-mixed-75-v1,64c3d2329281da0e246226cb552aafe3b961c553c9487d7cfd9c96374aaa1f4c,2026-07-23T06:42:10Z,staging/collection/tle/tles_20260723_064210.txt,75,2026-07-23T06:42:10Z,IRIDIUM 33 DEB,COSMOS 2251 DEB,2026-07-22T18:27:29Z,2026-07-22T22:31:48Z,12.244,2026-07-23T14:44:20.496607Z,482.174943450,10293.349,74.787,13.779445,667.619,777.894,110.275,66.088,-13.765,32.187,133.236,8.570198,2.565060,16.662,0.2451086268,0,0,0,34077,33766
20260723_064210,preset:leo_mixed,leo_mixed,iac26-leo-mixed-75-v1,64c3d2329281da0e246226cb552aafe3b961c553c9487d7cfd9c96374aaa1f4c,2026-07-23T06:42:10Z,staging/collection/tle/tles_20260723_064210.txt,75,2026-07-23T06:42:10Z,TERRA,IRIDIUM 33 DEB,2026-07-22T21:50:45Z,2026-07-22T07:56:01Z,22.769,2026-07-23T06:50:48.453770Z,8.640896167,4467.836,73.482,9.057583,698.656,757.867,59.210,62.026,-31.025,24.287,74.576,-7.744283,0.099964,179.260,0.2450453835,0,0,0,25994,33773
20260723_064210,preset:leo_mixed,leo_mixed,iac26-leo-mixed-75-v1,64c3d2329281da0e246226cb552aafe3b961c553c9487d7cfd9c96374aaa1f4c,2026-07-23T06:42:10Z,staging/collection/tle/tles_20260723_064210.txt,75,2026-07-23T06:42:10Z,IRIDIUM 33 DEB,COSMOS 2251 DEB,2026-07-22T15:56:43Z,2026-07-22T21:39:02Z,14.757,2026-07-23T16:33:39.033826Z,591.483897100,5940.588,52.105,10.497691,600.824,623.651,22.827,13.121,-36.220,-35.085,88.128,-8.215483,1.445071,170.024,0.2374312394,0,0,0,34079,33836
20260723_064210,preset:leo_mixed,leo_mixed,iac26-leo-mixed-75-v1,64c3d2329281da0e246226cb552aafe3b961c553c9487d7cfd9c96374aaa1f4c,2026-07-23T06:42:10Z,staging/collection/tle/tles_20260723_064210.txt,75,2026-07-23T06:42:10Z,IRIDIUM 33 DEB,COSMOS 2251 DEB,2026-07-22T15:56:43Z,2026-07-22T21:51:15Z,14.757,2026-07-23T15:55:22.113065Z,553.201884417,11219.703,69.361,13.363265,600.824,723.947,123.123,53.384,20.622,39.190,124.416,-6.150645,2.420738,158.517,0.2372955126,0,0,0,34079,33835
20260723_064210,preset:leo_mixed,leo_mixed,iac26-leo-mixed-75-v1,64c3d2329281da0e246226cb552aafe3b961c553c9487d7cfd9c96374aaa1f4c,2026-07-23T06:42:10Z,staging/collection/tle/tles_20260723_064210.txt,75,2026-07-23T06:42:10Z,COSMOS 2251 DEB,COSMOS 2251 DEB,2026-07-22T20:36:28Z,2026-07-22T18:20:54Z,12.354,2026-07-23T18:41:01.358403Z,718.855973383,10647.793,48.636,11.246860,776.030,713.678,62.352,-38.864,-19.385,-21.892,97.598,-2.877725,2.744252,136.360,0.2316140613,0,1,0,33760,33912
20260723_064210,preset:leo_mixed,leo_mixed,iac26-leo-mixed-75-v1,64c3d2329281da0e246226cb552aafe3b961c553c9487d7cfd9c96374aaa1f4c,2026-07-23T06:42:10Z,staging/collection/tle/tles_20260723_064210.txt,75,2026-07-23T06:42:10Z,COSMOS 2251 DEB,COSMOS 2251 DEB,2026-07-22T20:36:28Z,2026-07-22T20:05:54Z,10.604,2026-07-23T12:00:48.564734Z,318.642745567,9402.979,67.704,10.051392,776.030,683.124,92.906,-61.461,-21.192,-18.903,84.465,-2.704472,2.172895,141.220,0.2312184936,0,0,0,33760,33832
20260723_064210,preset:leo_mixed,leo_mixed,iac26-leo-mixed-75-v1,64c3d2329281da0e246226cb552aafe3b961c553c9487d7cfd9c96374aaa1f4c,2026-07-23T06:42:10Z,staging/collection/tle/tles_20260723_064210.txt,75,2026-07-23T06:42:10Z,IRIDIUM 33 DEB,COSMOS 2251 DEB,2026-07-22T17:02:56Z,2026-07-22T18:02:09Z,13.654,2026-07-23T08:48:14.386938Z,126.073115633,14149.322,119.724,14.864241,662.801,969.812,307.011,97.988,-12.945,67.561,158.664,-0.507620,0.679851,126.747,0.2265692703,0,0,0,33860,33917
20260723_064210,preset:leo_mixed,leo_mixed,iac26-leo-mixed-75-v1,64c3d2329281da0e246226cb552aafe3b961c553c9487d7cfd9c96374aaa1f4c,2026-07-23T06:42:10Z,staging/collection/tle/tles_20260723_064210.txt,75,2026-07-23T06:42:10Z,COSMOS 2251 DEB,COSMOS 2251 DEB,2026-07-22T21:34:14Z,2026-07-22T15:54:51Z,14.788,2026-07-23T07:30:20.956005Z,48.182600083,1383.531,123.311,14.377724,829.985,657.963,172.022,34.300,32.288,-113.959,148.079,14.185088,1.962003,7.875,0.2253918002,0,0,0,33819,33826
20260723_064210,preset:leo_mixed,leo_mixed,iac26-leo-mixed-75-v1,64c3d2329281da0e246226cb552aafe3b961c553c9487d7cfd9c96374aaa1f4c,2026-07-23T06:42:10Z,staging/collection/tle/tles_20260723_064210.txt,75,2026-07-23T06:42:10Z,CRYOSAT 2,COSMOS 2251 DEB,2026-07-22T22:04:48Z,2026-07-22T20:39:33Z,10.044,2026-07-23T09:09:06.230373Z,146.937172883,607.382,109.854,13.718778,710.667,639.516,71.150,-103.912,14.645,32.492,131.918,7.399193,11.546692,57.348,0.2242775954,0,0,0,36508,33830
20260723_064210,preset:leo_mixed,leo_mixed,iac26-leo-mixed-75-v1,64c3d2329281da0e246226cb552aafe3b961c553c9487d7cfd9c96374aaa1f4c,2026-07-23T06:42:10Z,staging/collection/tle/tles_20260723_064210.txt,75,2026-07-23T06:42:10Z,IRIDIUM 33 DEB,COSMOS 2251 DEB,2026-07-22T18:31:47Z,2026-07-22T07:23:13Z,23.316,2026-07-23T13:50:17.237396Z,428.120623267,13817.969,91.474,14.541618,719.470,857.143,137.674,55.414,-18.827,70.302,150.080,1.485007,1.476824,44.842,0.2234137427,0,0,0,33953,33822
20260723_064210,preset:leo_mixed,leo_mixed,iac26-leo-mixed-75-v1,64c3d2329281da0e246226cb552aafe3b961c553c9487d7cfd9c96374aaa1f4c,2026-07-23T06:42:10Z,staging/collection/tle/tles_20260723_064210.txt,75,2026-07-23T06:42:10Z,SENTINEL-3A,COSMOS 2251 DEB,2026-07-22T21:54:12Z,2026-07-22T18:14:30Z,12.461,2026-07-23T10:52:04.761972Z,249.912699533,3699.289,109.021,14.430733,794.392,870.371,75.980,50.061,-22.820,-94.121,152.111,13.823323,1.267388,5.239,0.2187877528,0,0,0,41335,33823
20260723_064210,preset:leo_mixed,leo_mixed,iac26-leo-mixed-75-v1,64c3d2329281da0e246226cb552aafe3b961c553c9487d7cfd9c96374aaa1f4c,2026-07-23T06:42:10Z,staging/collection/tle/tles_20260723_064210.txt,75,2026-07-23T06:42:10Z,COSMOS 2251 DEB,COSMOS 2251 DEB,2026-07-22T18:20:54Z,2026-07-22T11:58:09Z,18.733,2026-07-23T18:41:07.863248Z,718.964387467,10690.343,52.351,11.382522,713.678,671.314,42.364,-43.324,19.309,-22.155,98.811,1.654211,1.292920,38.011,0.2177392290,0,0,0,33912,33920
20260723_064210,preset:leo_mixed,leo_mixed,iac26-leo-mixed-75-v1,64c3d2329281da0e246226cb552aafe3b961c553c9487d7cfd9c96374aaa1f4c,2026-07-23T06:42:10Z,staging/collection/tle/tles_20260723_064210.txt,75,2026-07-23T06:42:10Z,SENTINEL-5P,COSMOS 2251 DEB,2026-07-22T07:17:31Z,2026-07-22T19:09:02Z,23.411,2026-07-23T15:05:49.696620Z,503.661610333,10529.536,58.013,9.290534,834.723,861.871,27.147,13.315,44.227,-35.102,76.874,3.958074,8.480857,64.981,0.2082653993,0,0,0,42969,33768
20260723_064210,preset:leo_mixed,leo_mixed,iac26-leo-mixed-75-v1,64c3d2329281da0e246226cb552aafe3b961c553c9487d7cfd9c96374aaa1f4c,2026-07-23T06:42:10Z,staging/collection/tle/tles_20260723_064210.txt,75,2026-07-23T06:42:10Z,COSMOS 2251 DEB,COSMOS 2251 DEB,2026-07-22T11:01:00Z,2026-07-22T22:48:14Z,19.686,2026-07-23T17:25:04.985255Z,642.916420917,4412.405,48.732,9.147005,775.009,750.695,24.313,-43.708,17.091,-13.124,75.550,7.473618,3.588604,25.649,0.2077974984,0,0,0,33762,33828
20260723_064210,preset:leo_mixed,leo_mixed,iac26-leo-mixed-75-v1,64c3d2329281da0e246226cb552aafe3b961c553c9487d7cfd9c96374aaa1f4c,2026-07-23T06:42:10Z,staging/collection/tle/tles_20260723_064210.txt,75,2026-07-23T06:42:10Z,IRIDIUM 33 DEB,COSMOS 2251 DEB,2026-07-22T22:46:30Z,2026-07-22T19:41:17Z,11.015,2026-07-23T07:19:06.917250Z,36.948620833,9552.867,138.978,14.718662,584.351,812.017,227.666,118.534,-16.331,-70.695,153.686,10.463974,0.194432,1.064,0.2063778865,0,0,0,33960,33915
20260723_064210,preset:leo_mixed,leo_mixed,iac26-leo-mixed-75-v1,64c3d2329281da0e246226cb552aafe3b961c553c9487d7cfd9c96374aaa1f4c,2026-07-23T06:42:10Z,staging/collection/tle/tles_20260723_064210.txt,75,2026-07-23T06:42:10Z,AQUA,COSMOS 2251 DEB,2026-07-22T21:58:28Z,2026-07-22T18:20:54Z,12.354,2026-07-23T10:13:05.181715Z,210.919695250,4491.582,53.227,6.394279,690.494,713.678,23.184,26.666,41.516,19.962,50.516,-4.223995,0.772463,169.637,0.2050735148,0,0,0,27424,33912
20260723_064210,preset:leo_mixed,leo_mixed,iac26-leo-mixed-75-v1,64c3d2329281da0e246226cb552aafe3b961c553c9487d7cfd9c96374aaa1f4c,2026-07-23T06:42:10Z,staging/collection/tle/tles_20260723_064210.txt,75,2026-07-23T06:42:10Z,NOAA 15,IRIDIUM 33 DEB,2026-07-22T20:55:02Z,2026-07-22T18:31:47Z,12.173,2026-07-23T08:17:27.482008Z,95.291366800,3049.888,101.920,10.868097,804.725,719.470,85.255,-82.466,-41.306,43.367,93.510,10.142617,2.503489,13.865,0.1991552767,0,0,0,25338,33953
20260723_064210,preset:leo_mixed,leo_mixed,iac26-leo-mixed-75-v1,64c3d2329281da0e246226cb552aafe3b961c553c9487d7cfd9c96374aaa1f4c,2026-07-23T06:42:10Z,staging/collection/tle/tles_20260723_064210.txt,75,2026-07-23T06:42:10Z,NOAA 20 (JPSS-1),IRIDIUM 33 DEB,2026-07-22T21:05:30Z,2026-07-22T18:31:47Z,12.173,2026-07-23T11:43:16.792390Z,301.113206500,613.628,119.468,14.872072,834.931,719.470,115.461,-118.066,-1.166,18.217,171.594,-12.818448,7.516418,149.614,0.1969092624,0,0,0,43013,33953
20260723_064210,preset:leo_mixed,leo_mixed,iac26-leo-mixed-75-v1,64c3d2329281da0e246226cb552aafe3b961c553c9487d7cfd9c96374aaa1f4c,2026-07-23T06:42:10Z,staging/collection/tle/tles_20260723_064210.txt,75,2026-07-23T06:42:10Z,IRIDIUM 33 DEB,COSMOS 2251 DEB,2026-07-22T21:40:05Z,2026-07-22T18:20:54Z,12.354,2026-07-23T17:41:17.323567Z,659.122059450,6920.024,75.656,13.447987,852.775,713.678,139.097,-35.507,-29.801,-59.790,127.326,-10.796381,4.818931,155.947,0.1927818508,0,0,0,33866,33912
20260723_064210,preset:leo_mixed,leo_mixed,iac26-leo-mixed-75-v1,64c3d2329281da0e246226cb552aafe3b961c553c9487d7cfd9c96374aaa1f4c,2026-07-23T06:42:10Z,staging/collection/tle/tles_20260723_064210.txt,75,2026-07-23T06:42:10Z,IRIDIUM 33 DEB,COSMOS 2251 DEB,2026-07-22T17:02:35Z,2026-07-22T21:39:02Z,13.660,2026-07-23T09:18:49.047869Z,156.650797817,6498.763,118.281,12.599636,754.615,623.651,130.964,-116.657,-11.066,16.095,114.050,-10.443018,2.133363,168.454,0.1898693531,0,0,0,33850,33836
20260723_064210,preset:leo_mixed,leo_mixed,iac26-leo-mixed-75-v1,64c3d2329281da0e246226cb552aafe3b961c553c9487d7cfd9c96374aaa1f4c,2026-07-23T06:42:10Z,staging/collection/tle/tles_20260723_064210.txt,75,2026-07-23T06:42:10Z,NOAA 21 (JPSS-2),COSMOS 2251 DEB,2026-07-22T20:10:20Z,2026-07-22T17:55:28Z,12.778,2026-07-23T10:14:21.521669Z,212.192027817,4755.643,68.468,7.549241,817.522,758.758,58.764,-68.096,6.257,3.417,60.821,-5.708481,2.095557,159.842,0.1880246054,0,0,0,54234,33761
20260723_064210,preset:leo_mixed,leo_mixed,iac26-leo-mixed-75-v1,64c3d2329281da0e246226cb552aafe3b961c553c9487d7cfd9c96374aaa1f4c,2026-07-23T06:42:10Z,staging/collection/tle/tles_20260723_064210.txt,75,2026-07-23T06:42:10Z,COSMOS 2251 DEB,COSMOS 2251 DEB,2026-07-22T20:39:33Z,2026-07-22T19:41:17Z,11.015,2026-07-23T12:02:29.648444Z,320.327474067,13609.560,119.990,14.412320,639.516,812.017,172.501,116.900,-8.322,-25.741,145.604,-0.853477,1.322709,122.832,0.1867876518,0,0,0,33830,33915
20260723_064210,preset:leo_mixed,leo_mixed,iac26-leo-mixed-75-v1,64c3d2329281da0e246226cb552aafe3b961c553c9487d7cfd9c96374aaa1f4c,2026-07-23T06:42:10Z,staging/collection/tle/tles_20260723_064210.txt,75,2026-07-23T06:42:10Z,NOAA 20 (JPSS-1),IRIDIUM 33 DEB,2026-07-22T21:05:30Z,2026-07-22T17:02:35Z,13.660,2026-07-23T17:46:36.265571Z,664.437759517,8165.223,83.220,14.422958,834.931,754.615,80.316,-83.198,-0.713,-1.790,150.125,-11.593020,2.101408,169.726,0.1866858801,0,0,0,43013,33850
20260723_064210,preset:leo_mixed,leo_mixed,iac26-leo-mixed-75-v1,64c3d2329281da0e246226cb552aafe3b961c553c9487d7cfd9c96374aaa1f4c,2026-07-23T06:42:10Z,staging/collection/tle/tles_20260723_064210.txt,75,2026-07-23T06:42:10Z,ISS (ZARYA),HST,2026-07-22T19:09:35Z,2026-07-22T05:08:13Z,25.566,2026-07-23T14:21:08.400537Z,458.973342283,3526.295,46.499,6.282097,422.822,466.542,43.720,46.333,3.508,1.756,48.508,4.395309,3.928136,41.788,0.1840819947,0,0,0,25544,20580
20260723_064210,preset:leo_mixed,leo_mixed,iac26-leo-mixed-75-v1,64c3d2329281da0e246226cb552aafe3b961c553c9487d7cfd9c96374aaa1f4c,2026-07-23T06:42:10Z,staging/collection/tle/tles_20260723_064210.txt,75,2026-07-23T06:42:10Z,COSMOS 2251 DEB,COSMOS 2251 DEB,2026-07-22T11:01:00Z,2026-07-22T17:33:53Z,19.686,2026-07-23T08:47:52.746742Z,125.712445700,13415.019,142.777,14.314829,775.009,630.561,144.447,-142.353,3.206,-10.514,145.202,1.777958,0.523739,16.414,0.1830151748,0,0,0,33762,33779
20260723_064210,preset:leo_mixed,leo_mixed,iac26-leo-mixed-75-v1,64c3d2329281da0e246226cb552aafe3b961c553c9487d7cfd9c96374aaa1f4c,2026-07-23T06:42:10Z,staging/collection/tle/tles_20260723_064210.txt,75,2026-07-23T06:42:10Z,SENTINEL-5P,COSMOS 2251 DEB,2026-07-22T07:17:31Z,2026-07-22T19:01:40Z,23.411,2026-07-23T09:14:53.935910Z,152.732265167,2947.935,147.068,14.799338,834.723,603.795,230.928,-123.048,-9.937,-79.934,165.573,-14.423565,2.114130,171.661,0.1799124191,0,0,0,42969,33825
20260723_064210,preset:leo_mixed,leo_mixed,iac26-leo-mixed-75-v1,64c3d2329281da0e246226cb552aafe3b961c553c9487d7cfd9c96374aaa1f4c,2026-07-23T06:42:10Z,staging/collection/tle/tles_20260723_064210.txt,75,2026-07-23T06:42:10Z,TERRA,COSMOS 2251 DEB,2026-07-22T21:50:45Z,2026-07-22T21:23:46Z,9.307,2026-07-23T09:20:57.184094Z,158.786401567,5430.683,127.137,12.822137,698.656,1202.623,503.966,111.081,-31.426,-53.265,116.653,-10.748477,4.499421,157.285,0.1794645885,0,0,0,25994,33914
20260723_064210,preset:leo_mixed,leo_mixed,iac26-leo-mixed-75-v1,64c3d2329281da0e246226cb552aafe3b961c553c9487d7cfd9c96374aaa1f4c,2026-07-23T06:42:10Z,staging/collection/tle/tles_20260723_064210.txt,75,2026-07-23T06:42:10Z,TIMED,IRIDIUM 33 DEB,2026-07-22T20:50:33Z,2026-07-22T15:43:55Z,14.971,2026-07-23T15:47:12.719421Z,545.045323683,7768.468,93.555,13.502862,577.442,670.458,93.016,93.555,0.092,-0.053,127.377,-10.441777,3.693857,160.518,0.1794014292,0,0,0,26998,34521
20260723_064210,preset:leo_mixed,leo_mixed,iac26-leo-mixed-75-v1,64c3d2329281da0e246226cb552aafe3b961c553c9487d7cfd9c96374aaa1f4c,2026-07-23T06:42:10Z,staging/collection/tle/tles_20260723_064210.txt,75,2026-07-23T06:42:10Z,AURA,COSMOS 2251 DEB,2026-07-22T20:44:51Z,2026-07-22T16:10:18Z,14.531,2026-07-23T10:13:20.094336Z,211.168238933,7397.986,90.798,9.488796,688.357,625.463,62.894,-56.266,-55.712,44.437,78.146,-5.241239,1.288623,166.187,0.1783579471,0,0,0,28376,33911
20260723_064210,preset:leo_mixed,leo_mixed,iac26-leo-mixed-75-v1,64c3d2329281da0e246226cb552aafe3b961c553c9487d7cfd9c96374aaa1f4c,2026-07-23T06:42:10Z,staging/collection/tle/tles_20260723_064210.txt,75,2026-07-23T06:42:10Z,SWARM A,RESURS-DK 1,2026-07-22T21:27:08Z,2026-07-22T07:59:27Z,22.712,2026-07-23T13:07:44.357287Z,385.572621450,7828.234,121.324,14.677566,419.340,524.108,104.767,115.475,-9.946,35.863,148.175,-11.730081,2.162219,169.556,0.1771707915,0,0,0,39452,29228
20260723_064210,preset:leo_mixed,leo_mixed,iac26-leo-mixed-75-v1,64c3d2329281da0e246226cb552aafe3b961c553c9487d7cfd9c96374aaa1f4c,2026-07-23T06:42:10Z,staging/collection/tle/tles_20260723_064210.txt,75,2026-07-23T06:42:10Z,NOAA 15,COSMOS 2251 DEB,2026-07-22T20:55:02Z,2026-07-22T22:53:08Z,9.785,2026-07-23T18:18:09.446453Z,695.990774217,4671.264,79.799,13.679208,804.725,743.395,61.330,-58.780,21.370,49.559,133.071,11.807699,5.442123,24.745,0.1771376436,0,0,0,25338,33838
20260723_064210,preset:leo_mixed,leo_mixed,iac26-leo-mixed-75-v1,64c3d2329281da0e246226cb552aafe3b961c553c9487d7cfd9c96374aaa1f4c,2026-07-23T06:42:10Z,staging/collection/tle/tles_20260723_064210.txt,75,2026-07-23T06:42:10Z,IRIDIUM 33 DEB,COSMOS 2251 DEB,2026-07-22T18:27:29Z,2026-07-22T18:20:54Z,12.354,2026-07-23T18:14:34.881963Z,692.414699383,1903.499,87.415,14.801074,667.619,713.678,46.059,47.100,12.722,-72.534,160.066,-13.658584,5.421668,158.350,0.1758068270,0,0,0,34077,33912
20260723_064210,preset:leo_mixed,leo_mixed,iac26-leo-mixed-75-v1,64c3d2329281da0e246226cb552aafe3b961c553c9487d7cfd9c96374aaa1f4c,2026-07-23T06:42:10Z,staging/collection/tle/tles_20260723_064210.txt,75,2026-07-23T06:42:10Z,NOAA 21 (JPSS-2),CRYOSAT 2,2026-07-22T20:10:20Z,2026-07-22T22:04:48Z,10.530,2026-07-23T14:17:09.823788Z,454.997063133,3188.797,110.043,14.087644,817.522,710.667,106.855,-107.643,7.439,-21.615,141.953,-12.346266,6.383436,152.660,0.1751382831,0,0,0,54234,36508
20260723_064210,preset:leo_mixed,leo_mixed,iac26-leo-mixed-75-v1,64c3d2329281da0e246226cb552aafe3b961c553c9487d7cfd9c96374aaa1f4c,2026-07-23T06:42:10Z,staging/collection/tle/tles_20260723_064210.txt,75,2026-07-23T06:42:10Z,SENTINEL-3A,COSMOS 2251 DEB,2026-07-22T21:54:12Z,2026-07-22T18:58:09Z,11.733,2026-07-23T09:11:52.620908Z,149.710348467,878.055,140.834,13.733488,794.392,691.408,102.984,-139.227,7.782,19.737,133.405,-6.425380,12.136039,117.899,0.1747540165,0,0,0,41335,33839
20260723_064210,preset:leo_mixed,leo_mixed,iac26-leo-mixed-75-v1,64c3d2329281da0e246226cb552aafe3b961c553c9487d7cfd9c96374aaa1f4c,2026-07-23T06:42:10Z,staging/collection/tle/tles_20260723_064210.txt,75,2026-07-23T06:42:10Z,LANDSAT 8,IRIDIUM 33 DEB,2026-07-22T20:53:27Z,2026-07-22T18:27:29Z,12.244,2026-07-23T17:09:03.145742Z,626.885762367,4247.490,33.699,5.169419,707.696,667.619,40.077,-33.413,-4.138,-1.435,40.242,2.978256,2.765133,42.875,0.1732373739,0,0,0,39084,34077
20260723_064210,preset:leo_mixed,leo_mixed,iac26-leo-mixed-75-v1,64c3d2329281da0e246226cb552aafe3b961c553c9487d7cfd9c96374aaa1f4c,2026-07-23T06:42:10Z,staging/collection/tle/tles_20260723_064210.txt,75,2026-07-23T06:42:10Z,NOAA 20 (JPSS-1),COSMOS 2251 DEB,2026-07-22T21:05:30Z,2026-07-22T21:23:46Z,9.611,2026-07-23T07:36:25.038693Z,54.250644883,2591.087,157.214,13.891083,834.931,1202.623,367.692,-26.426,-59.003,143.306,135.837,-13.156770,1.733480,172.494,0.1700577327,0,0,0,43013,33914
20260723_064210,preset:leo_mixed,leo_mixed,iac26-leo-mixed-75-v1,64c3d2329281da0e246226cb552aafe3b961c553c9487d7cfd9c96374aaa1f4c,2026-07-23T06:42:10Z,staging/collection/tle/tles_20260723_064210.txt,75,2026-07-23T06:42:10Z,SENTINEL-5P,IRIDIUM 33 DEB,2026-07-22T07:17:31Z,2026-07-22T18:27:29Z,23.411,2026-07-23T08:59:38.540409Z,137.475673483,9815.203,158.412,14.850103,834.723,667.619,167.104,-157.608,-2.137,-15.799,165.969,10.684023,0.445779,2.389,0.1695878697,0,0,0,42969,34077
20260723_064210,preset:leo_mixed,leo_mixed,iac26-leo-mixed-75-v1,64c3d2329281da0e246226cb552aafe3b961c553c9487d7cfd9c96374aaa1f4c,2026-07-23T06:42:10Z,staging/collection/tle/tles_20260723_064210.txt,75,2026-07-23T06:42:10Z,TERRA,COSMOS 2251 DEB,2026-07-22T21:50:45Z,2026-07-22T21:39:02Z,9.052,2026-07-23T10:01:11.582693Z,199.026378217,2100.515,95.862,9.410215,698.656,623.651,75.006,-80.498,41.060,31.997,77.482,-8.049103,4.509262,150.742,0.1691927565,0,0,0,25994,33836
20260723_064210,preset:leo_mixed,leo_mixed,iac26-leo-mixed-75-v1,64c3d2329281da0e246226cb552aafe3b961c553c9487d7cfd9c96374aaa1f4c,2026-07-23T06:42:10Z,staging/collection/tle/tles_20260723_064210.txt,75,2026-07-23T06:42:10Z,COSMOS 2251 DEB,COSMOS 2251 DEB,2026-07-22T21:39:02Z,2026-07-22T22:53:08Z,9.052,2026-07-23T07:34:51.306485Z,52.688441417,2128.742,112.997,9.817937,623.651,743.395,119.744,93.788,-47.398,41.540,81.467,-9.340093,1.999136,167.919,0.1674147232,0,0,0,33836,33838
20260723_064210,preset:leo_mixed,leo_mixed,iac26-leo-mixed-75-v1,64c3d2329281da0e246226cb552aafe3b961c553c9487d7cfd9c96374aaa1f4c,2026-07-23T06:42:10Z,staging/collection/tle/tles_20260723_064210.txt,75,2026-07-23T06:42:10Z,IRIDIUM 33 DEB,COSMOS 2251 DEB,2026-07-22T08:41:01Z,2026-07-22T17:33:53Z,22.019,2026-07-23T10:05:10.490083Z,203.008168050,3992.047,127.205,12.146417,754.073,630.561,123.511,-126.289,-9.028,-12.273,107.896,-10.832204,4.116357,159.193,0.1640506609,0,0,0,33776,33779
20260723_064210,preset:leo_mixed,leo_mixed,iac26-leo-mixed-75-v1,64c3d2329281da0e246226cb552aafe3b961c553c9487d7cfd9c96374aaa1f4c,2026-07-23T06:42:10Z,staging/collection/tle/tles_20260723_064210.txt,75,2026-07-23T06:42:10Z,NOAA 20 (JPSS-1),IRIDIUM 33 DEB,2026-07-22T21:05:30Z,2026-07-22T08:13:49Z,22.472,2026-07-23T13:32:27.244401Z,410.287406683,7935.785,130.042,14.534420,834.931,705.857,129.074,-126.331,-6.975,30.044,154.108,-11.912603,1.945332,170.725,0.1598443501,0,0,0,43013,33777
20260723_064210,preset:leo_mixed,leo_mixed,iac26-leo-mixed-75-v1,64c3d2329281da0e246226cb552aafe3b961c553c9487d7cfd9c96374aaa1f4c,2026-07-23T06:42:10Z,staging/collection/tle/tles_20260723_064210.txt,75,2026-07-23T06:42:10Z,NOAA 21 (JPSS-2),IRIDIUM 33 DEB,2026-07-22T20:10:20Z,2026-07-22T17:54:42Z,12.791,2026-07-23T07:32:29.213479Z,50.320224650,411.906,178.851,14.612050,817.522,635.244,182.278,-176.589,-5.316,27.849,156.086,-11.633983,8.910251,142.552,0.1576892923,0,0,0,54234,33862
20260723_064210,preset:leo_mixed,leo_mixed,iac26-leo-mixed-75-v1,64c3d2329281da0e246226cb552aafe3b961c553c9487d7cfd9c96374aaa1f4c,2026-07-23T06:42:10Z,staging/collection/tle/tles_20260723_064210.txt,75,2026-07-23T06:42:10Z,COSMOS 2251 DEB,COSMOS 2251 DEB,2026-07-22T11:01:00Z,2026-07-22T21:51:15Z,19.686,2026-07-23T11:45:30.706999Z,303.345116650,4091.072,131.100,13.093843,775.009,723.947,51.062,-56.368,57.295,-103.571,122.530,-11.871053,3.929913,161.683,0.1576746003,0,0,0,33762,33835
20260723_064210,preset:leo_mixed,leo_mixed,iac26-leo-mixed-75-v1,64c3d2329281da0e246226cb552aafe3b961c553c9487d7cfd9c96374aaa1f4c,2026-07-23T06:42:10Z,staging/collection/tle/tles_20260723_064210.txt,75,2026-07-23T06:42:10Z,SENTINEL-3A,COSMOS 2251 DEB,2026-07-22T21:54:12Z,2026-07-22T17:55:28Z,12.778,2026-07-23T15:54:28.125351Z,552.302089183,2243.814,72.288,9.233894,794.392,758.758,35.634,-71.108,10.191,8.081,76.474,-0.140636,9.419798,90.855,0.1574892731,0,0,0,41335,33761
20260723_064210,preset:leo_mixed,leo_mixed,iac26-leo-mixed-75-v1,64c3d2329281da0e246226cb552aafe3b961c553c9487d7cfd9c96374aaa1f4c,2026-07-23T06:42:10Z,staging/collection/tle/tles_20260723_064210.txt,75,2026-07-23T06:42:10Z,IRIDIUM 33 DEB,COSMOS 2251 DEB,2026-07-22T08:13:49Z,2026-07-22T21:39:02Z,22.472,2026-07-23T11:44:50.710932Z,302.678515533,6509.748,129.977,12.880586,705.857,623.651,82.206,-94.933,-46.053,-75.901,117.814,-10.690700,2.638422,166.137,0.1565375816,0,0,0,33777,33836
20260723_064210,preset:leo_mixed,leo_mixed,iac26-leo-mixed-75-v1,64c3d2329281da0e246226cb552aafe3b961c553c9487d7cfd9c96374aaa1f4c,2026-07-23T06:42:10Z,staging/collection/tle/tles_20260723_064210.txt,75,2026-07-23T06:42:10Z,IRIDIUM 33 DEB,COSMOS 2251 DEB,2026-07-22T15:47:01Z,2026-07-22T18:14:30Z,14.919,2026-07-23T10:11:38.623358Z,209.477055967,6147.488,159.201,14.556819,726.103,870.371,144.268,122.402,-24.308,98.852,153.398,-13.045995,1.575475,173.114,0.1562707444,0,0,0,34071,33823
20260723_064210,preset:leo_mixed,leo_mixed,iac26-leo-mixed-75-v1,64c3d2329281da0e246226cb552aafe3b961c553c9487d7cfd9c96374aaa1f4c,2026-07-23T06:42:10Z,staging/collection/tle/tles_20260723_064210.txt,75,2026-07-23T06:42:10Z,IRIDIUM 33,COSMOS 2251 DEB,2026-07-22T15:24:09Z,2026-07-22T16:10:18Z,15.300,2026-07-23T07:48:09.315521Z,65.988592017,10073.691,151.657,12.242613,773.790,625.463,148.326,-151.165,-7.051,9.953,109.567,-6.070200,0.581519,174.528,0.1540532488,0,0,0,24946,33911
20260723_064210,preset:leo_mixed,leo_mixed,iac26-leo-mixed-75-v1,64c3d2329281da0e246226cb552aafe3b961c553c9487d7cfd9c96374aaa1f4c,2026-07-23T06:42:10Z,staging/collection/tle/tles_20260723_064210.txt,75,2026-07-23T06:42:10Z,TIMED,COSMOS 2251 DEB,2026-07-22T20:50:33Z,2026-07-22T19:41:17Z,11.015,2026-07-23T12:07:13.828840Z,325.063814000,12822.768,147.188,14.515256,577.442,812.017,234.575,123.857,21.304,76.614,147.918,4.972746,1.935266,21.265,0.1527113423,0,0,0,26998,33915
20260723_064210,preset:leo_mixed,leo_mixed,iac26-leo-mixed-75-v1,64c3d2329281da0e246226cb552aafe3b961c553c9487d7cfd9c96374aaa1f4c,2026-07-23T06:42:10Z,staging/collection/tle/tles_20260723_064210.txt,75,2026-07-23T06:42:10Z,ISS (ZARYA),RESURS-DK 1,2026-07-22T19:09:35Z,2026-07-22T07:59:27Z,22.712,2026-07-23T13:31:03.272477Z,408.887874617,9085.363,112.210,11.878761,422.822,524.108,101.286,108.827,-17.048,21.379,102.295,6.524668,3.708541,29.613,0.1516054750,0,0,0,25544,29228
20260723_064210,preset:leo_mixed,leo_mixed,iac26-leo-mixed-75-v1,64c3d2329281da0e246226cb552aafe3b961c553c9487d7cfd9c96374aaa1f4c,2026-07-23T06:42:10Z,staging/collection/tle/tles_20260723_064210.txt,75,2026-07-23T06:42:10Z,IRIDIUM 33 DEB,COSMOS 2251 DEB,2026-07-22T05:29:59Z,2026-07-22T18:58:09Z,25.203,2026-07-23T12:35:43.177948Z,353.552965800,10757.460,143.904,14.306036,555.487,691.408,135.921,142.968,-4.515,-15.747,143.511,-8.515097,1.744354,168.423,0.1500111923,0,0,0,34088,33839
20260723_064210,preset:leo_mixed,leo_mixed,iac26-leo-mixed-75-v1,64c3d2329281da0e246226cb552aafe3b961c553c9487d7cfd9c96374aaa1f4c,2026-07-23T06:42:10Z,staging/collection/tle/tles_20260723_064210.txt,75,2026-07-23T06:42:10Z,CSS (TIANHE),SWARM B,2026-07-22T10:58:54Z,2026-07-22T21:01:56Z,19.721,2026-07-23T12:35:56.901415Z,353.781690250,11180.898,129.314,12.774423,394.801,473.035,78.234,90.828,49.998,77.282,113.362,3.309252,2.144427,32.944,0.1490328233,0,0,0,48274,39451
20260723_064210,preset:leo_mixed,leo_mixed,iac26-leo-mixed-75-v1,64c3d2329281da0e246226cb552aafe3b961c553c9487d7cfd9c96374aaa1f4c,2026-07-23T06:42:10Z,staging/collection/tle/tles_20260723_064210.txt,75,2026-07-23T06:42:10Z,IRIDIUM 33 DEB,COSMOS 2251 DEB,2026-07-22T07:14:29Z,2026-07-22T20:38:27Z,23.461,2026-07-23T17:47:31.774698Z,665.362911633,5071.637,39.216,5.395939,746.532,737.559,8.973,-27.564,26.027,-10.035,42.397,-2.167252,2.044671,136.667,0.1480375935,0,0,0,33775,33837
20260723_064210,preset:leo_mixed,leo_mixed,iac26-leo-mixed-75-v1,64c3d2329281da0e246226cb552aafe3b961c553c9487d7cfd9c96374aaa1f4c,2026-07-23T06:42:10Z,staging/collection/tle/tles_20260723_064210.txt,75,2026-07-23T06:42:10Z,SWARM A,IRIDIUM 33 DEB,2026-07-22T21:27:08Z,2026-07-22T22:46:30Z,9.250,2026-07-23T10:16:07.308230Z,213.955137167,12965.180,167.333,14.332009,419.340,584.351,165.010,167.120,-2.751,-7.965,140.327,1.006012,1.332522,52.948,0.1458477836,0,0,0,39452,33960
20260723_064210,preset:leo_mixed,leo_mixed,iac26-leo-mixed-75-v1,64c3d2329281da0e246226cb552aafe3b961c553c9487d7cfd9c96374aaa1f4c,2026-07-23T06:42:10Z,staging/collection/tle/tles_20260723_064210.txt,75,2026-07-23T06:42:10Z,TIMED,COSMOS 2251 DEB,2026-07-22T20:50:33Z,2026-07-22T20:54:50Z,9.860,2026-07-23T09:08:12.584920Z,146.043082000,3048.941,168.015,13.545891,577.442,440.809,136.634,-149.219,-35.516,-68.566,125.958,-12.551624,4.094337,161.934,0.1448929474,0,0,0,26998,33821
20260723_064210,preset:leo_mixed,leo_mixed,iac26-leo-mixed-75-v1,64c3d2329281da0e246226cb552aafe3b961c553c9487d7cfd9c96374aaa1f4c,2026-07-23T06:42:10Z,staging/collection/tle/tles_20260723_064210.txt,75,2026-07-23T06:42:10Z,NOAA 15,SWOT,2026-07-22T20:55:02Z,2026-07-22T20:35:53Z,10.105,2026-07-23T15:02:46.043360Z,500.600722667,7013.093,117.557,13.022232,804.725,899.440,94.715,96.546,31.760,-59.074,122.775,10.616555,3.908692,20.212,0.1445291731,0,0,0,25338,54754
20260723_064210,preset:leo_mixed,leo_mixed,iac26-leo-mixed-75-v1,64c3d2329281da0e246226cb552aafe3b961c553c9487d7cfd9c96374aaa1f4c,2026-07-23T06:42:10Z,staging/collection/tle/tles_20260723_064210.txt,75,2026-07-23T06:42:10Z,IRIDIUM 33 DEB,IRIDIUM 33 DEB,2026-07-22T21:40:05Z,2026-07-22T22:46:30Z,9.035,2026-07-23T09:44:33.150487Z,182.385841450,11506.881,182.585,15.010121,852.775,584.351,268.424,-169.044,-4.395,-68.862,171.111,8.737391,0.488526,3.200,0.1435933099,0,0,0,33866,33960
20260723_064210,preset:leo_mixed,leo_mixed,iac26-leo-mixed-75-v1,64c3d2329281da0e246226cb552aafe3b961c553c9487d7cfd9c96374aaa1f4c,2026-07-23T06:42:10Z,staging/collection/tle/tles_20260723_064210.txt,75,2026-07-23T06:42:10Z,SENTINEL-2A,IRIDIUM 33 DEB,2026-07-22T22:46:31Z,2026-07-22T07:56:01Z,22.769,2026-07-23T14:21:30.153133Z,459.335885550,3346.971,58.451,6.153663,797.250,757.867,39.383,-50.031,-27.677,-12.142,48.610,-4.703116,3.175552,145.973,0.1433927444,0,0,0,40697,33773
20260723_064210,preset:leo_mixed,leo_mixed,iac26-leo-mixed-75-v1,64c3d2329281da0e246226cb552aafe3b961c553c9487d7cfd9c96374aaa1f4c,2026-07-23T06:42:10Z,staging/collection/tle/tles_20260723_064210.txt,75,2026-07-23T06:42:10Z,IRIDIUM 33 DEB,COSMOS 2251 DEB,2026-07-22T07:14:29Z,2026-07-22T20:39:33Z,23.461,2026-07-23T14:59:06.106063Z,496.935101050,3515.276,134.188,14.626378,746.532,639.516,107.016,-125.584,-11.111,45.952,153.519,-13.190116,5.408709,157.704,0.1427687832,0,0,0,33775,33830
20260723_064210,preset:leo_mixed,leo_mixed,iac26-leo-mixed-75-v1,64c3d2329281da0e246226cb552aafe3b961c553c9487d7cfd9c96374aaa1f4c,2026-07-23T06:42:10Z,staging/collection/tle/tles_20260723_064210.txt,75,2026-07-23T06:42:10Z,IRIDIUM 33 DEB,COSMOS 2251 DEB,2026-07-22T17:02:56Z,2026-07-22T18:14:30Z,13.654,2026-07-23T13:42:28.322019Z,420.305366983,13045.751,146.349,14.746041,662.801,870.371,207.570,141.845,5.850,-35.553,157.733,-5.747746,1.965753,161.119,0.1426995326,0,0,0,33860,33823
20260723_064210,preset:leo_mixed,leo_mixed,iac26-leo-mixed-75-v1,64c3d2329281da0e246226cb552aafe3b961c553c9487d7cfd9c96374aaa1f4c,2026-07-23T06:42:10Z,staging/collection/tle/tles_20260723_064210.txt,75,2026-07-23T06:42:10Z,SWOT,COSMOS 2251 DEB,2026-07-22T20:35:53Z,2026-07-22T18:08:14Z,12.565,2026-07-23T09:11:26.776819Z,149.279613650,2202.241,171.258,13.549625,899.440,718.886,180.554,-150.248,34.947,74.387,131.131,12.396673,5.154987,22.579,0.1418325074,0,0,0,54754,33913
20260723_064210,preset:leo_mixed,leo_mixed,iac26-leo-mixed-75-v1,64c3d2329281da0e246226cb552aafe3b961c553c9487d7cfd9c96374aaa1f4c,2026-07-23T06:42:10Z,staging/collection/tle/tles_20260723_064210.txt,75,2026-07-23T06:42:10Z,TERRA,COSMOS 2251 DEB,2026-07-22T21:50:45Z,2026-07-22T19:41:17Z,11.015,2026-07-23T15:06:26.941048Z,504.282350800,5149.772,100.841,10.980479,698.656,812.017,113.361,100.310,-7.431,7.179,94.726,-8.729132,5.722462,146.753,0.1415133519,0,0,0,25994,33915
20260723_064210,preset:leo_mixed,leo_mixed,iac26-leo-mixed-75-v1,64c3d2329281da0e246226cb552aafe3b961c553c9487d7cfd9c96374aaa1f4c,2026-07-23T06:42:10Z,staging/collection/tle/tles_20260723_064210.txt,75,2026-07-23T06:42:10Z,IRIDIUM 33 DEB,COSMOS 2251 DEB,2026-07-22T22:46:30Z,2026-07-22T17:33:53Z,13.138,2026-07-23T17:27:56.727156Z,645.778785933,8389.788,80.646,10.285098,584.351,630.561,46.210,67.923,31.614,29.847,86.148,-5.373456,3.560634,146.470,0.1406810778,0,0,0,33960,33779
20260723_064210,preset:leo_mixed,leo_mixed,iac26-leo-mixed-75-v1,64c3d2329281da0e246226cb552aafe3b961c553c9487d7cfd9c96374aaa1f4c,2026-07-23T06:42:10Z,staging/collection/tle/tles_20260723_064210.txt,75,2026-07-23T06:42:10Z,COSMOS 2251 DEB,COSMOS 2251 DEB,2026-07-22T09:10:29Z,2026-07-22T11:58:09Z,21.528,2026-07-23T10:15:12.511023Z,213.041850383,12926.059,178.946,14.453996,523.524,671.314,147.790,156.929,25.572,-82.104,145.766,-3.754455,1.384924,159.752,0.1376455689,0,0,0,33765,33920
20260723_064210,preset:leo_mixed,leo_mixed,iac26-leo-mixed-75-v1,64c3d2329281da0e246226cb552aafe3b961c553c9487d7cfd9c96374aaa1f4c,2026-07-23T06:42:10Z,staging/collection/tle/tles_20260723_064210.txt,75,2026-07-23T06:42:10Z,AQUA,COSMOS 2251 DEB,2026-07-22T21:58:28Z,2026-07-22T20:38:27Z,10.062,2026-07-23T18:09:02.555041Z,686.875917350,4861.774,114.050,14.948324,690.494,737.559,47.065,57.920,6.092,98.059,172.409,13.990594,1.281103,5.232,0.1370982979,0,0,0,27424,33837
20260723_064210,preset:leo_mixed,leo_mixed,iac26-leo-mixed-75-v1,64c3d2329281da0e246226cb552aafe3b961c553c9487d7cfd9c96374aaa1f4c,2026-07-23T06:42:10Z,staging/collection/tle/tles_20260723_064210.txt,75,2026-07-23T06:42:10Z,COSMOS 2251 DEB,COSMOS 2251 DEB,2026-07-22T18:14:30Z,2026-07-22T19:01:40Z,12.461,2026-07-23T10:30:20.230040Z,228.170500667,13401.216,177.576,14.357332,870.371,603.795,266.576,-76.963,48.478,152.511,144.778,2.437872,1.496305,31.541,0.1360816429,0,0,0,33823,33825
20260723_064210,preset:leo_mixed,leo_mixed,iac26-leo-mixed-75-v1,64c3d2329281da0e246226cb552aafe3b961c553c9487d7cfd9c96374aaa1f4c,2026-07-23T06:42:10Z,staging/collection/tle/tles_20260723_064210.txt,75,2026-07-23T06:42:10Z,SENTINEL-2A,COSMOS 2251 DEB,2026-07-22T22:46:31Z,2026-07-22T21:51:15Z,8.849,2026-07-23T14:21:43.441035Z,459.557350583,8558.148,127.833,12.749007,797.250,723.947,73.303,-126.673,8.891,14.702,116.450,-9.047129,3.681113,157.859,0.1358074866,0,0,0,40697,33835
20260723_064210,preset:leo_mixed,leo_mixed,iac26-leo-mixed-75-v1,64c3d2329281da0e246226cb552aafe3b961c553c9487d7cfd9c96374aaa1f4c,2026-07-23T06:42:10Z,staging/collection/tle/tles_20260723_064210.txt,75,2026-07-23T06:42:10Z,IRIDIUM 33 DEB,IRIDIUM 33 DEB,2026-07-22T17:02:56Z,2026-07-22T18:31:47Z,13.654,2026-07-23T12:22:07.066737Z,339.951112283,1627.167,41.908,3.708068,662.801,719.470,56.668,26.498,-31.398,-8.265,28.543,2.077337,3.184413,56.882,0.1351846168,0,0,0,33860,33953
20260723_064210,preset:leo_mixed,leo_mixed,iac26-leo-mixed-75-v1,64c3d2329281da0e246226cb552aafe3b961c553c9487d7cfd9c96374aaa1f4c,2026-07-23T06:42:10Z,staging/collection/tle/tles_20260723_064210.txt,75,2026-07-23T06:42:10Z,IRIDIUM 33 DEB,COSMOS 2251 DEB,2026-07-22T07:56:01Z,2026-07-22T21:51:15Z,22.769,2026-07-23T14:21:52.427236Z,459.707120600,6630.115,84.849,8.386331,757.867,723.947,33.920,-76.402,-31.094,-19.881,67.847,-4.981392,3.324820,146.279,0.1345693552,0,0,0,33773,33835
20260723_064210,preset:leo_mixed,leo_mixed,iac26-leo-mixed-75-v1,64c3d2329281da0e246226cb552aafe3b961c553c9487d7cfd9c96374aaa1f4c,2026-07-23T06:42:10Z,staging/collection/tle/tles_20260723_064210.txt,75,2026-07-23T06:42:10Z,SWOT,COSMOS 2251 DEB,2026-07-22T20:35:53Z,2026-07-22T22:53:08Z,10.105,2026-07-23T08:15:57.365448Z,93.789424133,4991.501,163.868,11.531617,899.440,743.395,156.045,-163.556,6.264,-7.937,101.722,10.165305,2.230338,12.375,0.1315761060,0,0,0,54754,33838
20260723_064210,preset:leo_mixed,leo_mixed,iac26-leo-mixed-75-v1,64c3d2329281da0e246226cb552aafe3b961c553c9487d7cfd9c96374aaa1f4c,2026-07-23T06:42:10Z,staging/collection/tle/tles_20260723_064210.txt,75,2026-07-23T06:42:10Z,NOAA 20 (JPSS-1),COSMOS 2251 DEB,2026-07-22T21:05:30Z,2026-07-22T21:51:15Z,9.611,2026-07-23T13:31:16.613549Z,409.110225817,7216.880,133.987,12.287155,834.931,723.947,110.984,-127.310,-23.644,-34.432,111.070,-9.186596,5.508075,149.054,0.1313012481,0,0,0,43013,33835
20260723_064210,preset:leo_mixed,leo_mixed,iac26-leo-mixed-75-v1,64c3d2329281da0e246226cb552aafe3b961c553c9487d7cfd9c96374aaa1f4c,2026-07-23T06:42:10Z,staging/collection/tle/tles_20260723_064210.txt,75,2026-07-23T06:42:10Z,SENTINEL-5P,IRIDIUM 33 DEB,2026-07-22T07:17:31Z,2026-07-22T18:31:47Z,23.411,2026-07-23T18:16:07.074223Z,693.951237050,6293.269,118.782,14.838056,834.723,719.470,115.254,-116.769,-2.086,21.674,168.971,13.238705,1.795101,7.722,0.1294382767,0,0,0,42969,33953
20260723_064210,preset:leo_mixed,leo_mixed,iac26-leo-mixed-75-v1,64c3d2329281da0e246226cb552aafe3b961c553c9487d7cfd9c96374aaa1f4c,2026-07-23T06:42:10Z,staging/collection/tle/tles_20260723_064210.txt,75,2026-07-23T06:42:10Z,LANDSAT 9,COSMOS 2251 DEB,2026-07-22T21:43:04Z,2026-07-22T21:34:14Z,9.132,2026-07-23T12:04:42.333369Z,322.538889483,11609.876,148.004,12.196183,702.819,829.985,127.166,43.004,-82.037,-115.437,109.087,-1.222611,1.357508,132.007,0.1278938306,0,0,0,49260,33819
20260723_064210,preset:leo_mixed,leo_mixed,iac26-leo-mixed-75-v1,64c3d2329281da0e246226cb552aafe3b961c553c9487d7cfd9c96374aaa1f4c,2026-07-23T06:42:10Z,staging/collection/tle/tles_20260723_064210.txt,75,2026-07-23T06:42:10Z,IRIDIUM 33 DEB,COSMOS 2251 DEB,2026-07-22T05:29:59Z,2026-07-22T22:53:08Z,25.203,2026-07-23T10:35:23.504179Z,233.225069650,8713.023,195.400,14.736870,555.487,743.395,187.907,195.374,0.176,3.170,155.704,11.360311,1.549646,7.768,0.1264082462,0,0,0,34088,33838
20260723_064210,preset:leo_mixed,leo_mixed,iac26-leo-mixed-75-v1,64c3d2329281da0e246226cb552aafe3b961c553c9487d7cfd9c96374aaa1f4c,2026-07-23T06:42:10Z,staging/collection/tle/tles_20260723_064210.txt,75,2026-07-23T06:42:10Z,COSMOS 2251 DEB,COSMOS 2251 DEB,2026-07-22T17:55:28Z,2026-07-22T18:58:09Z,12.778,2026-07-23T06:46:32.315105Z,4.371918417,1880.202,115.213,7.246673,758.758,691.408,67.350,-81.106,72.440,-38.056,57.861,-6.958193,0.419711,176.548,0.1254140790,0,0,0,33761,33839
20260723_064210,preset:leo_mixed,leo_mixed,iac26-leo-mixed-75-v1,64c3d2329281da0e246226cb552aafe3b961c553c9487d7cfd9c96374aaa1f4c,2026-07-23T06:42:10Z,staging/collection/tle/tles_20260723_064210.txt,75,2026-07-23T06:42:10Z,IRIDIUM 33 DEB,COSMOS 2251 DEB,2026-07-22T21:40:05Z,2026-07-22T20:05:54Z,10.604,2026-07-23T11:49:14.802468Z,307.080041133,6538.060,175.695,13.992854,852.775,683.124,169.651,-172.976,-10.205,29.050,140.384,-12.097221,2.514265,168.259,0.1253183249,0,0,0,33866,33832
20260723_064210,preset:leo_mixed,leo_mixed,iac26-leo-mixed-75-v1,64c3d2329281da0e246226cb552aafe3b961c553c9487d7cfd9c96374aaa1f4c,2026-07-23T06:42:10Z,staging/collection/tle/tles_20260723_064210.txt,75,2026-07-23T06:42:10Z,HST,COSMOS 2251 DEB,2026-07-22T05:08:13Z,2026-07-22T09:10:29Z,25.566,2026-07-23T18:07:23.540158Z,685.225669300,9827.350,90.918,10.865973,466.542,523.524,56.982,40.647,56.512,58.482,91.072,1.752882,1.396677,38.547,0.1252867798,0,0,0,20580,33765
20260723_064210,preset:leo_mixed,leo_mixed,iac26-leo-mixed-75-v1,64c3d2329281da0e246226cb552aafe3b961c553c9487d7cfd9c96374aaa1f4c,2026-07-23T06:42:10Z,staging/collection/tle/tles_20260723_064210.txt,75,2026-07-23T06:42:10Z,IRIDIUM 33 DEB,COSMOS 2251 DEB,2026-07-22T18:31:47Z,2026-07-22T16:33:28Z,14.145,2026-07-23T11:27:21.744345Z,285.195739083,4367.081,68.030,5.253010,719.470,785.859,66.389,56.797,34.900,13.572,41.181,2.890477,2.736094,43.428,0.1238472164,0,0,0,33953,33757
20260723_064210,preset:leo_mixed,leo_mixed,iac26-leo-mixed-75-v1,64c3d2329281da0e246226cb552aafe3b961c553c9487d7cfd9c96374aaa1f4c,2026-07-23T06:42:10Z,staging/collection/tle/tles_20260723_064210.txt,75,2026-07-23T06:42:10Z,NOAA 21 (JPSS-2),IRIDIUM 33 DEB,2026-07-22T20:10:20Z,2026-07-22T15:43:55Z,14.971,2026-07-23T13:28:50.428301Z,406.673805017,6233.448,169.451,14.426234,817.522,670.458,147.064,-151.890,-20.301,-72.324,149.239,-12.573077,3.623268,163.924,0.1221838772,0,0,0,54234,34521
20260723_064210,preset:leo_mixed,leo_mixed,iac26-leo-mixed-75-v1,64c3d2329281da0e246226cb552aafe3b961c553c9487d7cfd9c96374aaa1f4c,2026-07-23T06:42:10Z,staging/collection/tle/tles_20260723_064210.txt,75,2026-07-23T06:42:10Z,NOAA 20 (JPSS-1),SENTINEL-1A,2026-07-22T21:05:30Z,2026-07-22T22:56:51Z,9.611,2026-07-23T06:47:34.639975Z,5.410666250,2626.675,134.831,8.234598,834.931,704.170,130.760,-131.218,26.214,-16.554,67.022,-7.759077,0.354194,177.386,0.1216881869,0,0,0,43013,39634
20260723_064210,preset:leo_mixed,leo_mixed,iac26-leo-mixed-75-v1,64c3d2329281da0e246226cb552aafe3b961c553c9487d7cfd9c96374aaa1f4c,2026-07-23T06:42:10Z,staging/collection/tle/tles_20260723_064210.txt,75,2026-07-23T06:42:10Z,COSMOS 2251 DEB,COSMOS 2251 DEB,2026-07-22T21:34:14Z,2026-07-22T21:51:15Z,9.132,2026-07-23T16:08:03.341294Z,565.889021567,12070.147,135.090,13.176994,829.985,723.947,106.039,-106.809,-39.638,72.594,123.266,-4.523335,2.837076,147.904,0.1184209273,0,0,0,33819,33835
20260723_064210,preset:leo_mixed,leo_mixed,iac26-leo-mixed-75-v1,64c3d2329281da0e246226cb552aafe3b961c553c9487d7cfd9c96374aaa1f4c,2026-07-23T06:42:10Z,staging/collection/tle/tles_20260723_064210.txt,75,2026-07-23T06:42:10Z,SENTINEL-2A,COSMOS 2251 DEB,2026-07-22T22:46:31Z,2026-07-22T17:33:53Z,13.138,2026-07-23T17:08:24.709505Z,626.245158417,12952.747,144.336,14.944777,797.250,630.561,166.688,-140.912,1.775,-31.202,172.182,6.028730,0.452504,4.292,0.1170241438,0,0,0,40697,33779
20260723_064210,preset:leo_mixed,leo_mixed,iac26-leo-mixed-75-v1,64c3d2329281da0e246226cb552aafe3b961c553c9487d7cfd9c96374aaa1f4c,2026-07-23T06:42:10Z,staging/collection/tle/tles_20260723_064210.txt,75,2026-07-23T06:42:10Z,SENTINEL-5P,IRIDIUM 33 DEB,2026-07-22T07:17:31Z,2026-07-22T17:02:56Z,23.411,2026-07-23T11:35:46.884592Z,293.614743200,4798.567,193.683,14.121039,834.723,662.801,171.922,-172.871,28.938,-82.410,141.890,12.683843,4.234127,18.460,0.1160841119,0,0,0,42969,33860
20260723_064210,preset:leo_mixed,leo_mixed,iac26-leo-mixed-75-v1,64c3d2329281da0e246226cb552aafe3b961c553c9487d7cfd9c96374aaa1f4c,2026-07-23T06:42:10Z,staging/collection/tle/tles_20260723_064210.txt,75,2026-07-23T06:42:10Z,LANDSAT 8,COSMOS 2251 DEB,2026-07-22T20:53:27Z,2026-07-22T09:10:29Z,21.528,2026-07-23T13:02:47.768105Z,380.629468417,5323.263,185.422,14.601621,707.696,523.524,184.172,-183.436,-6.986,26.146,151.680,12.793152,5.052907,21.553,0.1158658078,0,0,0,39084,33765
20260723_064210,preset:leo_mixed,leo_mixed,iac26-leo-mixed-75-v1,64c3d2329281da0e246226cb552aafe3b961c553c9487d7cfd9c96374aaa1f4c,2026-07-23T06:42:10Z,staging/collection/tle/tles_20260723_064210.txt,75,2026-07-23T06:42:10Z,AQUA,COSMOS 2251 DEB,2026-07-22T21:58:28Z,2026-07-22T20:36:28Z,10.095,2026-07-23T07:59:23.262113Z,77.221035217,7355.384,131.762,7.806647,690.494,776.030,85.536,101.679,70.618,45.119,62.872,1.278339,0.667358,27.567,0.1121419042,0,0,0,27424,33760
20260723_064210,preset:leo_mixed,leo_mixed,iac26-leo-mixed-75-v1,64c3d2329281da0e246226cb552aafe3b961c553c9487d7cfd9c96374aaa1f4c,2026-07-23T06:42:10Z,staging/collection/tle/tles_20260723_064210.txt,75,2026-07-23T06:42:10Z,IRIDIUM 33 DEB,IRIDIUM 33 DEB,2026-07-22T08:41:01Z,2026-07-22T17:54:42Z,22.019,2026-07-23T07:29:22.772579Z,47.212876317,934.645,107.003,6.107467,754.073,635.244,118.829,-104.360,-21.511,-9.794,48.179,5.538822,2.492887,24.231,0.1104120018,0,0,0,33776,33862
20260723_064210,preset:leo_mixed,leo_mixed,iac26-leo-mixed-75-v1,64c3d2329281da0e246226cb552aafe3b961c553c9487d7cfd9c96374aaa1f4c,2026-07-23T06:42:10Z,staging/collection/tle/tles_20260723_064210.txt,75,2026-07-23T06:42:10Z,IRIDIUM 33 DEB,COSMOS 2251 DEB,2026-07-22T17:54:42Z,2026-07-22T21:34:14Z,12.791,2026-07-23T15:31:40.591528Z,529.509858800,11132.844,156.845,13.546228,635.244,829.985,194.741,57.842,-62.436,-131.744,129.149,6.993383,3.337076,25.509,0.1092172166,0,0,0,33862,33819
20260723_064210,preset:leo_mixed,leo_mixed,iac26-leo-mixed-75-v1,64c3d2329281da0e246226cb552aafe3b961c553c9487d7cfd9c96374aaa1f4c,2026-07-23T06:42:10Z,staging/collection/tle/tles_20260723_064210.txt,75,2026-07-23T06:42:10Z,AQUA,SENTINEL-2A,2026-07-22T21:58:28Z,2026-07-22T22:46:31Z,8.728,2026-07-23T16:52:08.483004Z,609.974716733,8602.995,124.184,11.668782,690.494,797.250,106.755,102.442,43.293,-55.252,102.710,-7.589708,5.165719,145.760,0.1083228770,0,0,0,27424,40697
20260723_064210,preset:leo_mixed,leo_mixed,iac26-leo-mixed-75-v1,64c3d2329281da0e246226cb552aafe3b961c553c9487d7cfd9c96374aaa1f4c,2026-07-23T06:42:10Z,staging/collection/tle/tles_20260723_064210.txt,75,2026-07-23T06:42:10Z,SENTINEL-2A,COSMOS 2251 DEB,2026-07-22T22:46:31Z,2026-07-21T21:58:21Z,32.730,2026-07-23T12:40:45.624080Z,358.593734667,4392.523,176.884,12.715216,797.250,1223.428,426.178,103.539,72.855,123.530,116.869,4.841609,11.998399,68.025,0.1079671304,0,0,0,40697,33916
20260723_064210,preset:leo_mixed,leo_mixed,iac26-leo-mixed-75-v1,64c3d2329281da0e246226cb552aafe3b961c553c9487d7cfd9c96374aaa1f4c,2026-07-23T06:42:10Z,staging/collection/tle/tles_20260723_064210.txt,75,2026-07-23T06:42:10Z,IRIDIUM 33 DEB,COSMOS 2251 DEB,2026-07-22T15:56:43Z,2026-07-22T06:41:08Z,24.017,2026-07-23T10:54:15.834326Z,252.097238767,5489.806,188.355,12.317566,600.824,722.533,121.710,111.886,86.057,-124.712,109.741,-10.376173,4.025217,158.797,0.1078938453,0,0,0,34079,33758
20260723_064210,preset:leo_mixed,leo_mixed,iac26-leo-mixed-75-v1,64c3d2329281da0e246226cb552aafe3b961c553c9487d7cfd9c96374aaa1f4c,2026-07-23T06:42:10Z,staging/collection/tle/tles_20260723_064210.txt,75,2026-07-23T06:42:10Z,LANDSAT 9,LEGION 3,2026-07-22T21:43:04Z,2026-07-22T20:24:14Z,10.299,2026-07-23T07:48:22.305724Z,66.205095400,8807.195,189.067,10.400468,702.819,524.161,178.658,-189.067,-0.545,0.205,86.940,-4.235031,0.970617,167.091,0.1049604165,0,0,0,49260,60452
20260723_064210,preset:leo_mixed,leo_mixed,iac26-leo-mixed-75-v1,64c3d2329281da0e246226cb552aafe3b961c553c9487d7cfd9c96374aaa1f4c,2026-07-23T06:42:10Z,staging/collection/tle/tles_20260723_064210.txt,75,2026-07-23T06:42:10Z,SENTINEL-5P,COSMOS 2251 DEB,2026-07-22T07:17:31Z,2026-07-22T22:53:08Z,23.411,2026-07-23T14:02:56.060935Z,440.767682250,5740.879,97.621,7.362694,834.723,743.395,91.329,-97.140,-8.389,4.816,59.087,4.309329,4.945353,48.931,0.1046713697,0,0,0,42969,33838
20260723_064210,preset:leo_mixed,leo_mixed,iac26-leo-mixed-75-v1,64c3d2329281da0e246226cb552aafe3b961c553c9487d7cfd9c96374aaa1f4c,2026-07-23T06:42:10Z,staging/collection/tle/tles_20260723_064210.txt,75,2026-07-23T06:42:10Z,IRIDIUM 33 DEB,IRIDIUM 33 DEB,2026-07-22T07:14:29Z,2026-07-22T22:46:30Z,23.461,2026-07-23T15:09:53.318409Z,507.721973483,11835.218,170.659,13.664982,746.532,584.351,162.182,-166.271,16.457,-34.751,130.353,-6.029563,3.814521,147.681,0.1036795836,0,0,0,33775,33960
20260723_064210,preset:leo_mixed,leo_mixed,iac26-leo-mixed-75-v1,64c3d2329281da0e246226cb552aafe3b961c553c9487d7cfd9c96374aaa1f4c,2026-07-23T06:42:10Z,staging/collection/tle/tles_20260723_064210.txt,75,2026-07-23T06:42:10Z,HST,RESURS-DK 1,2026-07-22T05:08:13Z,2026-07-22T07:59:27Z,25.566,2026-07-23T15:50:30.970576Z,548.349509600,6743.246,85.289,7.101432,466.542,524.108,57.566,59.827,53.410,29.023,55.571,1.858229,3.477813,61.884,0.1031136824,0,0,0,20580,29228
20260723_064210,preset:leo_mixed,leo_mixed,iac26-leo-mixed-75-v1,64c3d2329281da0e246226cb552aafe3b961c553c9487d7cfd9c96374aaa1f4c,2026-07-23T06:42:10Z,staging/collection/tle/tles_20260723_064210.txt,75,2026-07-23T06:42:10Z,AURA,IRIDIUM 33 DEB,2026-07-22T20:44:51Z,2026-07-22T05:29:59Z,25.203,2026-07-23T13:34:42.548005Z,412.542466750,12712.022,186.175,13.447833,688.357,555.487,132.870,-144.766,54.123,103.801,125.814,-0.143857,2.568207,93.206,0.1030770604,0,0,0,28376,34088
20260723_064210,preset:leo_mixed,leo_mixed,iac26-leo-mixed-75-v1,64c3d2329281da0e246226cb552aafe3b961c553c9487d7cfd9c96374aaa1f4c,2026-07-23T06:42:10Z,staging/collection/tle/tles_20260723_064210.txt,75,2026-07-23T06:42:10Z,COSMOS 2251 DEB,COSMOS 2251 DEB,2026-07-22T19:01:40Z,2026-07-22T21:23:46Z,11.675,2026-07-23T11:03:28.217838Z,261.303630633,7499.364,105.571,6.645866,603.795,1202.623,598.827,98.889,-32.180,-18.186,52.345,-3.189194,8.318045,110.977,0.1030567422,0,0,0,33825,33914
20260723_064210,preset:leo_mixed,leo_mixed,iac26-leo-mixed-75-v1,64c3d2329281da0e246226cb552aafe3b961c553c9487d7cfd9c96374aaa1f4c,2026-07-23T06:42:10Z,staging/collection/tle/tles_20260723_064210.txt,75,2026-07-23T06:42:10Z,NOAA 15,COSMOS 2251 DEB,2026-07-22T20:55:02Z,2026-07-21T21:58:21Z,32.730,2026-07-23T16:51:14.763226Z,609.079387100,7749.429,167.904,14.742538,804.725,1223.428,418.703,155.316,9.171,-63.122,167.602,12.296365,2.160107,9.964,0.1013303175,0,0,0,25338,33916
20260723_064210,preset:leo_mixed,leo_mixed,iac26-leo-mixed-75-v1,64c3d2329281da0e246226cb552aafe3b961c553c9487d7cfd9c96374aaa1f4c,2026-07-23T06:42:10Z,staging/collection/tle/tles_20260723_064210.txt,75,2026-07-23T06:42:10Z,IRIDIUM 33 DEB,COSMOS 2251 DEB,2026-07-22T15:56:43Z,2026-07-22T21:23:46Z,14.757,2026-07-23T11:03:58.418084Z,261.806968067,8877.850,188.384,11.564105,600.824,1202.623,601.799,187.532,12.532,12.779,99.757,-7.238083,7.810869,132.820,0.1004505626,0,0,0,34079,33914
20260723_064210,preset:leo_mixed,leo_mixed,iac26-leo-mixed-75-v1,64c3d2329281da0e246226cb552aafe3b961c553c9487d7cfd9c96374aaa1f4c,2026-07-23T06:42:10Z,staging/collection/tle/tles_20260723_064210.txt,75,2026-07-23T06:42:10Z,TIMED,IRIDIUM 33 DEB,2026-07-22T20:50:33Z,2026-07-22T07:14:29Z,23.461,2026-07-23T15:51:42.784153Z,549.546402550,8441.954,177.700,14.396573,577.442,746.532,169.090,172.718,-11.585,40.144,146.718,-11.076856,4.049808,159.917,0.1001957810,0,0,0,26998,33775
20260723_064210,preset:leo_mixed,leo_mixed,iac26-leo-mixed-75-v1,64c3d2329281da0e246226cb552aafe3b961c553c9487d7cfd9c96374aaa1f4c,2026-07-23T06:42:10Z,staging/collection/tle/tles_20260723_064210.txt,75,2026-07-23T06:42:10Z,TIMED,CRYOSAT 2,2026-07-22T20:50:33Z,2026-07-22T22:04:48Z,9.860,2026-07-23T14:56:50.752736Z,494.679212267,5375.703,177.211,13.281259,577.442,710.667,133.225,134.518,-53.610,-102.150,123.653,-10.378724,7.353574,144.682,0.0984002364,0,0,0,26998,36508
20260723_064210,preset:leo_mixed,leo_mixed,iac26-leo-mixed-75-v1,64c3d2329281da0e246226cb552aafe3b961c553c9487d7cfd9c96374aaa1f4c,2026-07-23T06:42:10Z,staging/collection/tle/tles_20260723_064210.txt,75,2026-07-23T06:42:10Z,IRIDIUM 33,IRIDIUM 33 DEB,2026-07-22T15:24:09Z,2026-07-22T15:43:55Z,15.300,2026-07-23T07:42:34.288082Z,60.404801367,3276.445,105.741,5.406887,773.790,670.458,103.332,-99.825,32.860,11.672,42.384,-4.181161,0.708303,170.385,0.0979771135,0,0,0,24946,34521
20260723_064210,preset:leo_mixed,leo_mixed,iac26-leo-mixed-75-v1,64c3d2329281da0e246226cb552aafe3b961c553c9487d7cfd9c96374aaa1f4c,2026-07-23T06:42:10Z,staging/collection/tle/tles_20260723_064210.txt,75,2026-07-23T06:42:10Z,IRIDIUM 33 DEB,COSMOS 2251 DEB,2026-07-22T07:56:01Z,2026-07-22T21:39:02Z,22.769,2026-07-23T18:17:49.812366Z,695.663539433,6032.377,151.544,14.258558,757.867,623.651,134.216,-146.786,-11.885,-35.753,143.370,-11.769914,6.122269,152.518,0.0972686689,0,0,0,33773,33836
20260723_064210,preset:leo_mixed,leo_mixed,iac26-leo-mixed-75-v1,64c3d2329281da0e246226cb552aafe3b961c553c9487d7cfd9c96374aaa1f4c,2026-07-23T06:42:10Z,staging/collection/tle/tles_20260723_064210.txt,75,2026-07-23T06:42:10Z,NOAA 15,COSMOS 2251 DEB,2026-07-22T20:55:02Z,2026-07-22T06:41:08Z,24.017,2026-07-23T14:54:55.098004Z,492.751633400,5041.133,120.550,8.892210,804.725,722.533,82.191,-82.219,-71.386,-51.732,73.098,5.903578,6.175647,46.290,0.0970455554,0,0,0,25338,33758
20260723_064210,preset:leo_mixed,leo_mixed,iac26-leo-mixed-75-v1,64c3d2329281da0e246226cb552aafe3b961c553c9487d7cfd9c96374aaa1f4c,2026-07-23T06:42:10Z,staging/collection/tle/tles_20260723_064210.txt,75,2026-07-23T06:42:10Z,AURA,SENTINEL-3A,2026-07-22T20:44:51Z,2026-07-22T21:54:12Z,9.955,2026-07-23T13:31:52.818944Z,409.713649067,7641.749,179.193,12.133665,688.357,794.392,106.035,112.654,80.678,113.623,108.326,-8.956768,4.284125,154.438,0.0968940074,0,0,0,28376,41335
20260723_064210,preset:leo_mixed,leo_mixed,iac26-leo-mixed-75-v1,64c3d2329281da0e246226cb552aafe3b961c553c9487d7cfd9c96374aaa1f4c,2026-07-23T06:42:10Z,staging/collection/tle/tles_20260723_064210.txt,75,2026-07-23T06:42:10Z,COSMOS 2251 DEB,COSMOS 2251 DEB,2026-07-22T09:10:29Z,2026-07-22T21:39:02Z,21.528,2026-07-23T13:12:23.918820Z,390.231980333,5729.066,181.247,12.002120,523.524,623.651,100.127,89.830,-94.863,125.627,105.186,-9.383376,5.973881,147.517,0.0965488136,0,0,0,33765,33836
20260723_064210,preset:leo_mixed,leo_mixed,iac26-leo-mixed-75-v1,64c3d2329281da0e246226cb552aafe3b961c553c9487d7cfd9c96374aaa1f4c,2026-07-23T06:42:10Z,staging/collection/tle/tles_20260723_064210.txt,75,2026-07-23T06:42:10Z,IRIDIUM 33 DEB,IRIDIUM 33 DEB,2026-07-22T17:02:56Z,2026-07-22T21:40:05Z,13.654,2026-07-23T08:17:38.553020Z,95.475883667,2280.035,167.276,8.585283,662.801,852.775,189.973,164.057,-25.167,20.815,70.172,7.300250,4.101811,29.330,0.0958423256,0,0,0,33860,33866
20260723_064210,preset:leo_mixed,leo_mixed,iac26-leo-mixed-75-v1,64c3d2329281da0e246226cb552aafe3b961c553c9487d7cfd9c96374aaa1f4c,2026-07-23T06:42:10Z,staging/collection/tle/tles_20260723_064210.txt,75,2026-07-23T06:42:10Z,LANDSAT 9,COSMOS 2251 DEB,2026-07-22T21:43:04Z,2026-07-22T18:20:54Z,12.354,2026-07-23T18:38:47.178553Z,716.619642550,13442.793,151.608,14.291040,702.819,713.678,10.859,13.815,44.907,144.144,145.369,-1.132723,0.476912,157.167,0.0947057421,0,0,0,49260,33912
20260723_064210,preset:leo_mixed,leo_mixed,iac26-leo-mixed-75-v1,64c3d2329281da0e246226cb552aafe3b961c553c9487d7cfd9c96374aaa1f4c,2026-07-23T06:42:10Z,staging/collection/tle/tles_20260723_064210.txt,75,2026-07-23T06:42:10Z,CRYOSAT 2,IRIDIUM 33 DEB,2026-07-22T22:04:48Z,2026-07-22T08:41:01Z,22.019,2026-07-23T18:22:03.005873Z,699.883431217,2562.644,84.797,7.611574,710.667,754.073,43.406,43.846,-62.211,-37.387,61.114,-2.720553,7.523264,109.881,0.0922704685,0,0,0,36508,33776
20260723_064210,preset:leo_mixed,leo_mixed,iac26-leo-mixed-75-v1,64c3d2329281da0e246226cb552aafe3b961c553c9487d7cfd9c96374aaa1f4c,2026-07-23T06:42:10Z,staging/collection/tle/tles_20260723_064210.txt,75,2026-07-23T06:42:10Z,COSMOS 2251 DEB,COSMOS 2251 DEB,2026-07-22T20:39:33Z,2026-07-21T21:58:21Z,32.730,2026-07-23T16:17:26.643675Z,575.277394583,13675.789,167.191,12.404914,639.516,1223.428,583.912,163.806,17.288,-28.662,111.044,-4.020408,8.706022,114.787,0.0891098693,0,0,0,33830,33916
20260723_064210,preset:leo_mixed,leo_mixed,iac26-leo-mixed-75-v1,64c3d2329281da0e246226cb552aafe3b961c553c9487d7cfd9c96374aaa1f4c,2026-07-23T06:42:10Z,staging/collection/tle/tles_20260723_064210.txt,75,2026-07-23T06:42:10Z,IRIDIUM 33 DEB,COSMOS 2251 DEB,2026-07-22T18:31:47Z,2026-07-22T18:58:09Z,12.173,2026-07-23T18:34:58.970518Z,712.816175300,13851.149,171.950,14.868207,719.470,691.408,28.062,-77.251,-26.393,151.336,160.420,-1.944794,0.396404,168.479,0.0873309208,0,0,0,33953,33839
20260723_064210,preset:leo_mixed,leo_mixed,iac26-leo-mixed-75-v1,64c3d2329281da0e246226cb552aafe3b961c553c9487d7cfd9c96374aaa1f4c,2026-07-23T06:42:10Z,staging/collection/tle/tles_20260723_064210.txt,75,2026-07-23T06:42:10Z,TERRA,IRIDIUM 33 DEB,2026-07-22T21:50:45Z,2026-07-22T21:40:05Z,9.035,2026-07-23T13:23:44.035852Z,401.567264200,3171.614,198.825,11.923727,698.656,852.775,154.118,142.123,82.746,-111.739,106.344,-6.480562,10.239340,122.330,0.0864941241,0,0,0,25994,33866
20260723_064210,preset:leo_mixed,leo_mixed,iac26-leo-mixed-75-v1,64c3d2329281da0e246226cb552aafe3b961c553c9487d7cfd9c96374aaa1f4c,2026-07-23T06:42:10Z,staging/collection/tle/tles_20260723_064210.txt,75,2026-07-23T06:42:10Z,COSMOS 2251 DEB,COSMOS 2251 DEB,2026-07-22T18:20:54Z,2026-07-21T21:58:21Z,32.730,2026-07-23T12:44:29.700351Z,362.328339183,7138.560,184.919,10.643000,713.678,1223.428,509.750,131.826,-92.133,91.259,90.361,-4.219882,11.156685,110.719,0.0861464657,0,0,0,33912,33916
20260723_064210,preset:leo_mixed,leo_mixed,iac26-leo-mixed-75-v1,64c3d2329281da0e246226cb552aafe3b961c553c9487d7cfd9c96374aaa1f4c,2026-07-23T06:42:10Z,staging/collection/tle/tles_20260723_064210.txt,75,2026-07-23T06:42:10Z,TERRA,COSMOS 2251 DEB,2026-07-22T21:50:45Z,2026-07-22T19:01:40Z,11.675,2026-07-23T18:25:36.421606Z,703.440360100,6888.511,95.797,7.959738,698.656,603.795,94.861,-68.737,-57.308,34.178,63.894,-4.029185,2.848970,144.736,0.0850002618,0,0,0,25994,33825
20260723_064210,preset:leo_mixed,leo_mixed,iac26-leo-mixed-75-v1,64c3d2329281da0e246226cb552aafe3b961c553c9487d7cfd9c96374aaa1f4c,2026-07-23T06:42:10Z,staging/collection/tle/tles_20260723_064210.txt,75,2026-07-23T06:42:10Z,SWOT,COSMOS 2251 DEB,2026-07-22T20:35:53Z,2026-07-22T16:33:28Z,14.145,2026-07-23T11:32:48.186344Z,290.636439067,6715.534,155.139,8.199390,899.440,785.859,113.581,-120.633,-82.363,-52.272,67.027,4.689603,3.350619,35.545,0.0843692755,0,0,0,54754,33757
20260723_064210,preset:leo_mixed,leo_mixed,iac26-leo-mixed-75-v1,64c3d2329281da0e246226cb552aafe3b961c553c9487d7cfd9c96374aaa1f4c,2026-07-23T06:42:10Z,staging/collection/tle/tles_20260723_064210.txt,75,2026-07-23T06:42:10Z,COSMOS 2251 DEB,COSMOS 2251 DEB,2026-07-22T21:34:14Z,2026-07-22T11:58:09Z,18.733,2026-07-23T12:58:43.551317Z,376.559188617,7892.145,139.193,7.950533,829.985,671.314,158.671,-130.535,-40.871,-25.786,64.407,1.499758,2.938133,62.958,0.0843642746,0,0,0,33819,33920
20260723_064210,preset:leo_mixed,leo_mixed,iac26-leo-mixed-75-v1,64c3d2329281da0e246226cb552aafe3b961c553c9487d7cfd9c96374aaa1f4c,2026-07-23T06:42:10Z,staging/collection/tle/tles_20260723_064210.txt,75,2026-07-23T06:42:10Z,COSMOS 2251 DEB,COSMOS 2251 DEB,2026-07-22T16:33:28Z,2026-07-22T18:14:30Z,14.145,2026-07-23T17:06:53.751784Z,624.729196400,10782.575,191.479,14.102135,785.859,870.371,84.513,17.122,62.852,-180.057,141.318,-8.780373,2.966062,161.335,0.0833936098,0,0,0,33757,33823
20260723_064210,preset:leo_mixed,leo_mixed,iac26-leo-mixed-75-v1,64c3d2329281da0e246226cb552aafe3b961c553c9487d7cfd9c96374aaa1f4c,2026-07-23T06:42:10Z,staging/collection/tle/tles_20260723_064210.txt,75,2026-07-23T06:42:10Z,IRIDIUM 33 DEB,COSMOS 2251 DEB,2026-07-22T15:56:43Z,2026-07-22T19:01:40Z,14.757,2026-07-23T11:52:39.811832Z,310.496863867,5502.156,116.216,6.068470,600.824,603.795,2.972,22.471,104.342,-45.978,47.386,-2.029834,1.720681,139.712,0.0819156211,0,0,0,34079,33825
20260723_064210,preset:leo_mixed,leo_mixed,iac26-leo-mixed-75-v1,64c3d2329281da0e246226cb552aafe3b961c553c9487d7cfd9c96374aaa1f4c,2026-07-23T06:42:10Z,staging/collection/tle/tles_20260723_064210.txt,75,2026-07-23T06:42:10Z,IRIDIUM 33,IRIDIUM 33 DEB,2026-07-22T15:24:09Z,2026-07-22T07:14:29Z,23.461,2026-07-23T07:42:44.556007Z,60.575933450,1549.017,61.329,2.622106,773.790,746.532,27.257,-15.337,58.531,10.010,20.255,-2.071886,0.114502,176.837,0.0819117770,0,0,0,24946,33775
20260723_064210,preset:leo_mixed,leo_mixed,iac26-leo-mixed-75-v1,64c3d2329281da0e246226cb552aafe3b961c553c9487d7cfd9c96374aaa1f4c,2026-07-23T06:42:10Z,staging/collection/tle/tles_20260723_064210.txt,75,2026-07-23T06:42:10Z,LEGION 3,COSMOS 2251 DEB,2026-07-22T20:24:14Z,2026-07-22T18:08:14Z,12.565,2026-07-23T07:52:45.585082Z,70.593084700,7577.475,193.978,8.137920,524.161,718.886,194.725,188.279,38.297,-26.676,65.079,-1.250772,1.429728,131.180,0.0797923716,0,0,0,60452,33913
20260723_064210,preset:leo_mixed,leo_mixed,iac26-leo-mixed-75-v1,64c3d2329281da0e246226cb552aafe3b961c553c9487d7cfd9c96374aaa1f4c,2026-07-23T06:42:10Z,staging/collection/tle/tles_20260723_064210.txt,75,2026-07-23T06:42:10Z,LANDSAT 8,COSMOS 2251 DEB,2026-07-22T20:53:27Z,2026-07-22T07:23:13Z,23.316,2026-07-23T16:11:25.794189Z,569.263236483,11461.065,192.381,12.594244,707.696,857.143,149.447,187.156,24.398,37.255,115.927,-5.382345,4.312146,141.300,0.0791706357,0,0,0,39084,33822
20260723_064210,preset:leo_mixed,leo_mixed,iac26-leo-mixed-75-v1,64c3d2329281da0e246226cb552aafe3b961c553c9487d7cfd9c96374aaa1f4c,2026-07-23T06:42:10Z,staging/collection/tle/tles_20260723_064210.txt,75,2026-07-23T06:42:10Z,IRIDIUM 33 DEB,COSMOS 2251 DEB,2026-07-22T15:56:43Z,2026-07-22T20:54:50Z,14.757,2026-07-23T16:43:29.500664Z,601.325011067,11437.917,194.640,12.915180,600.824,440.809,160.015,-147.340,-67.567,107.752,116.675,5.356019,5.482365,45.668,0.0772909741,0,0,0,34079,33821
20260723_064210,preset:leo_mixed,leo_mixed,iac26-leo-mixed-75-v1,64c3d2329281da0e246226cb552aafe3b961c553c9487d7cfd9c96374aaa1f4c,2026-07-23T06:42:10Z,staging/collection/tle/tles_20260723_064210.txt,75,2026-07-23T06:42:10Z,AQUA,IRIDIUM 33 DEB,2026-07-22T21:58:28Z,2026-07-22T07:56:01Z,22.769,2026-07-23T18:30:48.493807Z,708.641563450,10950.354,195.691,14.480328,690.494,757.867,67.372,65.140,45.687,-178.786,151.034,-8.831566,1.496148,170.385,0.0751631929,0,0,0,27424,33773
20260723_064210,preset:leo_mixed,leo_mixed,iac26-leo-mixed-75-v1,64c3d2329281da0e246226cb552aafe3b961c553c9487d7cfd9c96374aaa1f4c,2026-07-23T06:42:10Z,staging/collection/tle/tles_20260723_064210.txt,75,2026-07-23T06:42:10Z,NOAA 15,IRIDIUM 33 DEB,2026-07-22T20:55:02Z,2026-07-22T17:02:56Z,13.654,2026-07-23T09:09:02.821575Z,146.880359583,1905.639,194.384,8.079385,804.725,662.801,141.923,-144.353,111.182,67.717,65.310,4.518503,6.799521,56.395,0.0746491067,0,0,0,25338,33860
20260723_064210,preset:leo_mixed,leo_mixed,iac26-leo-mixed-75-v1,64c3d2329281da0e246226cb552aafe3b961c553c9487d7cfd9c96374aaa1f4c,2026-07-23T06:42:10Z,staging/collection/tle/tles_20260723_064210.txt,75,2026-07-23T06:42:10Z,SENTINEL-1A,COSMOS 2251 DEB,2026-07-22T22:56:51Z,2026-07-22T11:01:00Z,19.686,2026-07-23T17:34:48.031900Z,652.633865000,4857.652,102.866,6.977888,704.170,775.009,70.838,94.998,-34.569,-19.023,55.593,-3.015305,7.584490,111.681,0.0741814285,0,0,0,39634,33762
20260723_064210,preset:leo_mixed,leo_mixed,iac26-leo-mixed-75-v1,64c3d2329281da0e246226cb552aafe3b961c553c9487d7cfd9c96374aaa1f4c,2026-07-23T06:42:10Z,staging/collection/tle/tles_20260723_064210.txt,75,2026-07-23T06:42:10Z,SENTINEL-1A,IRIDIUM 33 DEB,2026-07-22T22:56:51Z,2026-07-22T15:56:43Z,14.757,2026-07-23T16:41:08.273180Z,598.971219667,6932.686,112.295,7.062422,704.170,600.824,103.347,-102.517,-40.907,20.667,56.013,-3.523014,6.279103,119.295,0.0734633310,0,0,0,39634,34079
20260723_064210,preset:leo_mixed,leo_mixed,iac26-leo-mixed-75-v1,64c3d2329281da0e246226cb552aafe3b961c553c9487d7cfd9c96374aaa1f4c,2026-07-23T06:42:10Z,staging/collection/tle/tles_20260723_064210.txt,75,2026-07-23T06:42:10Z,COSMOS 2251 DEB,COSMOS 2251 DEB,2026-07-22T17:55:28Z,2026-07-22T17:33:53Z,13.138,2026-07-23T16:43:08.280123Z,600.971335383,6818.309,178.068,11.203536,758.758,630.561,128.197,-130.575,-81.918,89.150,96.542,-7.821913,6.919752,138.502,0.0733186942,0,0,0,33761,33779
20260723_064210,preset:leo_mixed,leo_mixed,iac26-leo-mixed-75-v1,64c3d2329281da0e246226cb552aafe3b961c553c9487d7cfd9c96374aaa1f4c,2026-07-23T06:42:10Z,staging/collection/tle/tles_20260723_064210.txt,75,2026-07-23T06:42:10Z,IRIDIUM 33 DEB,COSMOS 2251 DEB,2026-07-22T15:56:43Z,2026-07-22T22:48:14Z,14.757,2026-07-23T17:21:59.546019Z,639.825766983,6398.810,151.718,9.927368,600.824,750.695,149.872,151.201,8.981,-8.721,82.651,-1.617110,11.781739,97.815,0.0727190477,0,0,0,34079,33828
20260723_064210,preset:leo_mixed,leo_mixed,iac26-leo-mixed-75-v1,64c3d2329281da0e246226cb552aafe3b961c553c9487d7cfd9c96374aaa1f4c,2026-07-23T06:42:10Z,staging/collection/tle/tles_20260723_064210.txt,75,2026-07-23T06:42:10Z,IRIDIUM 33 DEB,COSMOS 2251 DEB,2026-07-22T07:56:01Z,2026-07-22T19:01:40Z,22.769,2026-07-23T14:05:04.434507Z,442.907241783,4024.903,44.368,2.323199,757.867,603.795,154.071,-40.713,-17.486,2.278,17.868,-0.112650,4.829289,91.336,0.0725139293,0,0,0,33773,33825
20260723_064210,preset:leo_mixed,leo_mixed,iac26-leo-mixed-75-v1,64c3d2329281da0e246226cb552aafe3b961c553c9487d7cfd9c96374aaa1f4c,2026-07-23T06:42:10Z,staging/collection/tle/tles_20260723_064210.txt,75,2026-07-23T06:42:10Z,IRIDIUM 33 DEB,COSMOS 2251 DEB,2026-07-22T15:56:43Z,2026-07-22T19:41:17Z,14.757,2026-07-23T15:53:49.060530Z,551.651008833,8461.237,166.682,9.496457,600.824,812.017,211.193,142.390,-65.672,-56.528,78.179,-5.088657,8.828685,119.958,0.0702947572,0,0,0,34079,33915
20260723_064210,preset:leo_mixed,leo_mixed,iac26-leo-mixed-75-v1,64c3d2329281da0e246226cb552aafe3b961c553c9487d7cfd9c96374aaa1f4c,2026-07-23T06:42:10Z,staging/collection/tle/tles_20260723_064210.txt,75,2026-07-23T06:42:10Z,AQUA,RESURS-DK 1,2026-07-22T21:58:28Z,2026-07-22T07:59:27Z,22.712,2026-07-23T15:23:12.499399Z,521.041656650,8520.656,171.322,9.181216,690.494,524.108,166.386,-166.672,-32.058,23.326,74.953,4.583112,8.281487,61.039,0.0683989641,0,0,0,27424,29228
20260723_064210,preset:leo_mixed,leo_mixed,iac26-leo-mixed-75-v1,64c3d2329281da0e246226cb552aafe3b961c553c9487d7cfd9c96374aaa1f4c,2026-07-23T06:42:10Z,staging/collection/tle/tles_20260723_064210.txt,75,2026-07-23T06:42:10Z,IRIDIUM 33 DEB,COSMOS 2251 DEB,2026-07-22T05:29:59Z,2026-07-22T20:38:27Z,25.203,2026-07-23T13:36:38.007948Z,414.466799133,9671.953,177.659,8.521682,555.487,737.559,182.072,170.253,-41.501,-29.227,68.738,0.024237,5.889509,89.764,0.0683212926,0,0,0,34088,33837
20260723_064210,preset:leo_mixed,leo_mixed,iac26-leo-mixed-75-v1,64c3d2329281da0e246226cb552aafe3b961c553c9487d7cfd9c96374aaa1f4c,2026-07-23T06:42:10Z,staging/collection/tle/tles_20260723_064210.txt,75,2026-07-23T06:42:10Z,COSMOS 2251 DEB,COSMOS 2251 DEB,2026-07-22T18:30:10Z,2026-07-22T21:39:02Z,12.200,2026-07-23T06:51:51.248521Z,9.687475350,2904.430,161.085,5.314515,766.421,623.651,142.770,-160.984,5.589,1.091,41.502,-4.334873,0.164569,177.826,0.0655401245,0,0,0,33764,33836
20260723_064210,preset:leo_mixed,leo_mixed,iac26-leo-mixed-75-v1,64c3d2329281da0e246226cb552aafe3b961c553c9487d7cfd9c96374aaa1f4c,2026-07-23T06:42:10Z,staging/collection/tle/tles_20260723_064210.txt,75,2026-07-23T06:42:10Z,IRIDIUM 33 DEB,IRIDIUM 33 DEB,2026-07-22T07:14:29Z,2026-07-22T15:43:55Z,23.461,2026-07-23T07:42:20.692323Z,60.178205383,1759.560,85.453,2.871717,746.532,670.458,76.074,-84.541,-12.288,-1.994,22.132,-2.206486,0.615649,164.410,0.0644030468,0,0,0,33775,34521
20260723_064210,preset:leo_mixed,leo_mixed,iac26-leo-mixed-75-v1,64c3d2329281da0e246226cb552aafe3b961c553c9487d7cfd9c96374aaa1f4c,2026-07-23T06:42:10Z,staging/collection/tle/tles_20260723_064210.txt,75,2026-07-23T06:42:10Z,TERRA,LEGION 3,2026-07-22T21:50:45Z,2026-07-22T20:24:14Z,10.299,2026-07-23T16:26:36.601437Z,584.443357283,7631.219,172.810,9.091106,698.656,524.161,174.496,-170.803,21.341,15.298,74.060,-2.393974,11.527458,101.732,0.0625121525,0,0,0,25994,60452
20260723_064210,preset:leo_mixed,leo_mixed,iac26-leo-mixed-75-v1,64c3d2329281da0e246226cb552aafe3b961c553c9487d7cfd9c96374aaa1f4c,2026-07-23T06:42:10Z,staging/collection/tle/tles_20260723_064210.txt,75,2026-07-23T06:42:10Z,SENTINEL-1A,COSMOS 2251 DEB,2026-07-22T22:56:51Z,2026-07-22T21:39:02Z,9.052,2026-07-23T11:32:18.682917Z,290.144715283,2440.564,136.966,5.275397,704.170,623.651,80.520,-79.895,-104.924,-36.979,41.078,2.312399,5.043603,65.369,0.0615108804,0,0,0,39634,33836
20260723_064210,preset:leo_mixed,leo_mixed,iac26-leo-mixed-75-v1,64c3d2329281da0e246226cb552aafe3b961c553c9487d7cfd9c96374aaa1f4c,2026-07-23T06:42:10Z,staging/collection/tle/tles_20260723_064210.txt,75,2026-07-23T06:42:10Z,IRIDIUM 33 DEB,COSMOS 2251 DEB,2026-07-22T15:56:43Z,2026-07-22T18:30:10Z,14.757,2026-07-23T07:40:58.010277Z,58.800171283,3321.446,192.769,5.898856,600.824,766.421,165.597,149.379,110.156,-52.070,46.158,-4.661971,1.615571,160.887,0.0587023133,0,0,0,34079,33764
20260723_064210,preset:leo_mixed,leo_mixed,iac26-leo-mixed-75-v1,64c3d2329281da0e246226cb552aafe3b961c553c9487d7cfd9c96374aaa1f4c,2026-07-23T06:42:10Z,staging/collection/tle/tles_20260723_064210.txt,75,2026-07-23T06:42:10Z,COSMOS 2251 DEB,COSMOS 2251 DEB,2026-07-22T07:23:13Z,2026-07-22T18:02:09Z,23.316,2026-07-23T08:32:25.368150Z,110.256135833,2600.429,168.743,5.268835,857.143,969.812,112.669,95.606,128.095,-54.086,41.320,-3.961533,3.249029,140.643,0.0576666836,0,0,0,33822,33917
20260723_064210,preset:leo_mixed,leo_mixed,iac26-leo-mixed-75-v1,64c3d2329281da0e246226cb552aafe3b961c553c9487d7cfd9c96374aaa1f4c,2026-07-23T06:42:10Z,staging/collection/tle/tles_20260723_064210.txt,75,2026-07-23T06:42:10Z,COSMOS 2251 DEB,COSMOS 2251 DEB,2026-07-22T21:34:14Z,2026-07-22T18:20:54Z,12.354,2026-07-23T07:52:43.967340Z,70.566122333,4231.374,154.405,4.559658,829.985,713.678,116.307,-102.281,-110.977,32.617,35.555,-1.197261,0.357522,163.373,0.0561666073,0,0,0,33819,33912
20260723_064210,preset:leo_mixed,leo_mixed,iac26-leo-mixed-75-v1,64c3d2329281da0e246226cb552aafe3b961c553c9487d7cfd9c96374aaa1f4c,2026-07-23T06:42:10Z,staging/collection/tle/tles_20260723_064210.txt,75,2026-07-23T06:42:10Z,LANDSAT 9,COSMOS 2251 DEB,2026-07-22T21:43:04Z,2026-07-22T20:36:28Z,10.095,2026-07-23T15:17:53.699968Z,515.728332800,5882.893,142.650,6.101467,702.819,776.030,73.211,55.323,-119.436,-54.986,48.132,-2.383216,3.335812,125.543,0.0549071474,0,0,0,49260,33760
20260723_064210,preset:leo_mixed,leo_mixed,iac26-leo-mixed-75-v1,64c3d2329281da0e246226cb552aafe3b961c553c9487d7cfd9c96374aaa1f4c,2026-07-23T06:42:10Z,staging/collection/tle/tles_20260723_064210.txt,75,2026-07-23T06:42:10Z,IRIDIUM 33 DEB,COSMOS 2251 DEB,2026-07-22T21:40:05Z,2026-07-22T19:01:40Z,11.675,2026-07-23T17:29:31.238371Z,647.353972850,8264.345,120.743,5.913123,852.775,603.795,248.979,-109.956,-46.627,17.734,46.646,-0.523372,10.414072,92.877,0.0539139056,0,0,0,33866,33825
20260723_064210,preset:leo_mixed,leo_mixed,iac26-leo-mixed-75-v1,64c3d2329281da0e246226cb552aafe3b961c553c9487d7cfd9c96374aaa1f4c,2026-07-23T06:42:10Z,staging/collection/tle/tles_20260723_064210.txt,75,2026-07-23T06:42:10Z,TERRA,SENTINEL-2A,2026-07-22T21:50:45Z,2026-07-22T22:46:31Z,8.857,2026-07-23T09:16:05.594091Z,153.926568183,1702.812,114.566,3.364111,698.656,797.250,98.593,100.715,52.596,14.685,25.959,-1.799361,3.080952,120.286,0.0524502466,0,0,0,25994,40697
20260723_064210,preset:leo_mixed,leo_mixed,iac26-leo-mixed-75-v1,64c3d2329281da0e246226cb552aafe3b961c553c9487d7cfd9c96374aaa1f4c,2026-07-23T06:42:10Z,staging/collection/tle/tles_20260723_064210.txt,75,2026-07-23T06:42:10Z,CYGFM02,IRIDIUM 33 DEB,2026-07-22T19:02:18Z,2026-07-22T05:29:59Z,25.203,2026-07-23T16:11:58.692219Z,569.811536983,8787.774,196.582,8.272088,367.028,555.487,188.459,185.574,-53.378,-36.849,65.640,-3.206138,11.162181,106.026,0.0508570815,0,0,0,41886,34088
20260723_064210,preset:leo_mixed,leo_mixed,iac26-leo-mixed-75-v1,64c3d2329281da0e246226cb552aafe3b961c553c9487d7cfd9c96374aaa1f4c,2026-07-23T06:42:10Z,staging/collection/tle/tles_20260723_064210.txt,75,2026-07-23T06:42:10Z,SENTINEL-2A,COSMOS 2251 DEB,2026-07-22T22:46:31Z,2026-07-22T19:09:02Z,11.552,2026-07-23T16:42:42.267893Z,600.537798217,12561.417,183.665,7.795616,797.250,861.871,64.621,178.453,-39.374,-18.357,63.396,1.589245,10.882770,81.692,0.0494871119,0,0,0,40697,33768
20260723_064210,preset:leo_mixed,leo_mixed,iac26-leo-mixed-75-v1,64c3d2329281da0e246226cb552aafe3b961c553c9487d7cfd9c96374aaa1f4c,2026-07-23T06:42:10Z,staging/collection/tle/tles_20260723_064210.txt,75,2026-07-23T06:42:10Z,AQUA,COSMOS 2251 DEB,2026-07-22T21:58:28Z,2026-07-22T21:34:14Z,9.132,2026-07-23T06:43:51.462940Z,1.691049000,359.381,138.693,3.267597,690.494,829.985,139.491,134.144,-34.336,-7.892,25.279,-3.003489,1.240252,157.562,0.0470644446,0,0,0,27424,33819
20260723_064210,preset:leo_mixed,leo_mixed,iac26-leo-mixed-75-v1,64c3d2329281da0e246226cb552aafe3b961c553c9487d7cfd9c96374aaa1f4c,2026-07-23T06:42:10Z,staging/collection/tle/tles_20260723_064210.txt,75,2026-07-23T06:42:10Z,COSMOS 2251 DEB,COSMOS 2251 DEB,2026-07-22T21:51:15Z,2026-07-22T19:41:17Z,11.015,2026-07-23T16:47:00.225733Z,604.837095550,5678.814,148.194,5.907255,723.947,812.017,88.070,87.609,108.436,50.276,46.659,-2.733014,6.677676,112.258,0.0462374938,0,0,0,33835,33915
20260723_064210,preset:leo_mixed,leo_mixed,iac26-leo-mixed-75-v1,64c3d2329281da0e246226cb552aafe3b961c553c9487d7cfd9c96374aaa1f4c,2026-07-23T06:42:10Z,staging/collection/tle/tles_20260723_064210.txt,75,2026-07-23T06:42:10Z,SENTINEL-3A,CRYOSAT 2,2026-07-22T21:54:12Z,2026-07-22T22:04:48Z,8.799,2026-07-23T08:31:48.452652Z,109.640877533,1414.270,84.584,2.107485,794.392,710.667,83.725,-83.947,10.322,0.857,16.203,-1.480936,1.276518,139.240,0.0460376359,0,0,0,41335,36508
20260723_064210,preset:leo_mixed,leo_mixed,iac26-leo-mixed-75-v1,64c3d2329281da0e246226cb552aafe3b961c553c9487d7cfd9c96374aaa1f4c,2026-07-23T06:42:10Z,staging/collection/tle/tles_20260723_064210.txt,75,2026-07-23T06:42:10Z,LANDSAT 9,RESURS-DK 1,2026-07-22T21:43:04Z,2026-07-22T07:59:27Z,22.712,2026-07-23T12:45:20.105606Z,363.168426767,7429.926,173.860,5.170655,702.819,524.108,178.711,-172.313,-22.172,6.629,40.036,-0.358447,6.192856,93.313,0.0444796108,0,0,0,49260,29228
20260723_064210,preset:leo_mixed,leo_mixed,iac26-leo-mixed-75-v1,64c3d2329281da0e246226cb552aafe3b961c553c9487d7cfd9c96374aaa1f4c,2026-07-23T06:42:10Z,staging/collection/tle/tles_20260723_064210.txt,75,2026-07-23T06:42:10Z,IRIDIUM 33 DEB,COSMOS 2251 DEB,2026-07-22T17:02:56Z,2026-07-22T11:01:00Z,19.686,2026-07-23T08:09:19.977844Z,87.166297400,2509.755,152.589,3.603683,662.801,775.009,112.207,111.074,-100.317,-29.707,27.827,2.378972,1.386154,30.228,0.0443746245,0,0,0,33860,33762
20260723_064210,preset:leo_mixed,leo_mixed,iac26-leo-mixed-75-v1,64c3d2329281da0e246226cb552aafe3b961c553c9487d7cfd9c96374aaa1f4c,2026-07-23T06:42:10Z,staging/collection/tle/tles_20260723_064210.txt,75,2026-07-23T06:42:10Z,COSMOS 2251 DEB,COSMOS 2251 DEB,2026-07-22T06:41:08Z,2026-07-22T21:39:02Z,24.017,2026-07-23T10:52:03.305178Z,249.888419633,2451.966,108.237,2.882212,722.533,623.651,98.883,-87.428,62.998,10.136,22.093,-1.031458,3.536358,106.260,0.0440156219,0,0,0,33758,33836
20260723_064210,preset:leo_mixed,leo_mixed,iac26-leo-mixed-75-v1,64c3d2329281da0e246226cb552aafe3b961c553c9487d7cfd9c96374aaa1f4c,2026-07-23T06:42:10Z,staging/collection/tle/tles_20260723_064210.txt,75,2026-07-23T06:42:10Z,IRIDIUM 33,COSMOS 2251 DEB,2026-07-22T15:24:09Z,2026-07-22T20:38:27Z,15.300,2026-07-23T14:33:29.913505Z,471.331891750,3757.366,101.647,3.129871,773.790,737.559,36.230,-38.429,92.291,-18.374,24.216,-0.507245,2.386557,101.999,0.0414261975,0,0,0,24946,33837
20260723_064210,preset:leo_mixed,leo_mixed,iac26-leo-mixed-75-v1,64c3d2329281da0e246226cb552aafe3b961c553c9487d7cfd9c96374aaa1f4c,2026-07-23T06:42:10Z,staging/collection/tle/tles_20260723_064210.txt,75,2026-07-23T06:42:10Z,IRIDIUM 33 DEB,IRIDIUM 33 DEB,2026-07-22T07:56:01Z,2026-07-22T08:13:49Z,22.769,2026-07-23T17:36:42.350888Z,654.539181467,3110.538,100.274,3.618320,757.867,705.857,52.010,-35.618,91.260,-21.397,27.924,-1.843429,3.623659,116.963,0.0393651459,0,0,0,33773,33777
20260723_064210,preset:leo_mixed,leo_mixed,iac26-leo-mixed-75-v1,64c3d2329281da0e246226cb552aafe3b961c553c9487d7cfd9c96374aaa1f4c,2026-07-23T06:42:10Z,staging/collection/tle/tles_20260723_064210.txt,75,2026-07-23T06:42:10Z,SENTINEL-5P,COSMOS 2251 DEB,2026-07-22T07:17:31Z,2026-07-22T06:41:08Z,24.017,2026-07-23T13:39:25.373032Z,417.256217200,5024.929,122.285,3.367492,834.723,722.533,112.190,-100.626,-68.344,12.538,26.086,-1.164185,4.687586,103.947,0.0391171208,0,0,0,42969,33758
20260723_064210,preset:leo_mixed,leo_mixed,iac26-leo-mixed-75-v1,64c3d2329281da0e246226cb552aafe3b961c553c9487d7cfd9c96374aaa1f4c,2026-07-23T06:42:10Z,staging/collection/tle/tles_20260723_064210.txt,75,2026-07-23T06:42:10Z,AURA,COSMOS 2251 DEB,2026-07-22T20:44:51Z,2026-07-22T18:14:30Z,12.461,2026-07-23T17:33:30.713600Z,651.345226667,9938.232,180.061,6.254583,688.357,870.371,182.014,85.124,144.042,66.543,49.243,0.376927,11.982122,88.198,0.0380480918,0,0,0,28376,33823
20260723_064210,preset:leo_mixed,leo_mixed,iac26-leo-mixed-75-v1,64c3d2329281da0e246226cb552aafe3b961c553c9487d7cfd9c96374aaa1f4c,2026-07-23T06:42:10Z,staging/collection/tle/tles_20260723_064210.txt,75,2026-07-23T06:42:10Z,IRIDIUM 33 DEB,COSMOS 2251 DEB,2026-07-22T08:13:49Z,2026-07-22T19:01:40Z,22.472,2026-07-23T10:22:26.443251Z,220.274054183,2632.752,112.794,2.527513,705.857,603.795,102.062,-62.343,93.050,-13.325,19.366,-0.228319,1.175178,100.995,0.0379608429,0,0,0,33777,33825
20260723_064210,preset:leo_mixed,leo_mixed,iac26-leo-mixed-75-v1,64c3d2329281da0e246226cb552aafe3b961c553c9487d7cfd9c96374aaa1f4c,2026-07-23T06:42:10Z,staging/collection/tle/tles_20260723_064210.txt,75,2026-07-23T06:42:10Z,NOAA 20 (JPSS-1),COSMOS 2251 DEB,2026-07-22T21:05:30Z,2026-07-22T18:08:14Z,12.565,2026-07-23T09:05:35.011492Z,143.416858200,1964.823,189.184,3.875103,834.931,718.886,116.045,-76.146,168.442,-40.245,30.093,2.836050,2.235963,38.253,0.0368864712,0,0,0,43013,33913
20260723_064210,preset:leo_mixed,leo_mixed,iac26-leo-mixed-75-v1,64c3d2329281da0e246226cb552aafe3b961c553c9487d7cfd9c96374aaa1f4c,2026-07-23T06:42:10Z,staging/collection/tle/tles_20260723_064210.txt,75,2026-07-23T06:42:10Z,IRIDIUM 33 DEB,IRIDIUM 33 DEB,2026-07-22T08:13:49Z,2026-07-22T15:56:43Z,22.472,2026-07-23T10:11:15.340630Z,209.089010500,3649.399,192.275,4.079108,705.857,600.824,105.033,-108.443,-154.423,-36.921,31.448,-2.197533,2.772500,128.401,0.0362691002,0,0,0,33777,34079
20260723_064210,preset:leo_mixed,leo_mixed,iac26-leo-mixed-75-v1,64c3d2329281da0e246226cb552aafe3b961c553c9487d7cfd9c96374aaa1f4c,2026-07-23T06:42:10Z,staging/collection/tle/tles_20260723_064210.txt,75,2026-07-23T06:42:10Z,COSMOS 2251 DEB,COSMOS 2251 DEB,2026-07-22T11:01:00Z,2026-07-22T19:01:40Z,19.686,2026-07-23T17:30:34.349807Z,648.405830117,6806.235,186.156,6.124255,775.009,603.795,171.213,-98.529,145.572,61.277,48.377,-1.536905,9.113145,99.573,0.0361697451,0,0,0,33762,33825
20260723_064210,preset:leo_mixed,leo_mixed,iac26-leo-mixed-75-v1,64c3d2329281da0e246226cb552aafe3b961c553c9487d7cfd9c96374aaa1f4c,2026-07-23T06:42:10Z,staging/collection/tle/tles_20260723_064210.txt,75,2026-07-23T06:42:10Z,SWARM B,IRIDIUM 33 DEB,2026-07-22T21:01:56Z,2026-07-22T17:54:42Z,12.791,2026-07-23T11:32:52.200910Z,290.703348500,4711.331,197.194,4.229633,473.035,635.244,162.209,158.547,110.967,-37.877,32.361,-0.832073,6.489323,97.307,0.0342380072,0,0,0,39451,33862
20260723_064210,preset:leo_mixed,leo_mixed,iac26-leo-mixed-75-v1,64c3d2329281da0e246226cb552aafe3b961c553c9487d7cfd9c96374aaa1f4c,2026-07-23T06:42:10Z,staging/collection/tle/tles_20260723_064210.txt,75,2026-07-23T06:42:10Z,TERRA,IRIDIUM 33 DEB,2026-07-22T21:50:45Z,2026-07-22T15:56:43Z,14.757,2026-07-23T14:23:33.046023Z,461.384100383,4558.717,96.370,2.370250,698.656,600.824,97.833,-89.227,36.246,3.470,18.086,-0.332965,4.268099,94.461,0.0334295322,0,0,0,25994,34079
20260723_064210,preset:leo_mixed,leo_mixed,iac26-leo-mixed-75-v1,64c3d2329281da0e246226cb552aafe3b961c553c9487d7cfd9c96374aaa1f4c,2026-07-23T06:42:10Z,staging/collection/tle/tles_20260723_064210.txt,75,2026-07-23T06:42:10Z,NOAA 20 (JPSS-1),AQUA,2026-07-22T21:05:30Z,2026-07-22T21:58:28Z,9.611,2026-07-23T16:06:48.920484Z,564.648674733,7485.885,144.241,3.937406,834.931,690.494,144.436,-140.647,31.254,6.859,30.524,-1.127696,7.481769,98.571,0.0331872926,0,0,0,43013,27424
20260723_064210,preset:leo_mixed,leo_mixed,iac26-leo-mixed-75-v1,64c3d2329281da0e246226cb552aafe3b961c553c9487d7cfd9c96374aaa1f4c,2026-07-23T06:42:10Z,staging/collection/tle/tles_20260723_064210.txt,75,2026-07-23T06:42:10Z,SWOT,IRIDIUM 33 DEB,2026-07-22T20:35:53Z,2026-07-22T21:40:05Z,10.105,2026-07-23T15:43:38.375309Z,541.472921817,4412.741,75.517,1.958376,899.440,852.775,46.665,-62.651,42.143,1.280,15.145,0.248243,4.243196,86.652,0.0323631384,0,0,0,54754,33866
20260723_064210,preset:leo_mixed,leo_mixed,iac26-leo-mixed-75-v1,64c3d2329281da0e246226cb552aafe3b961c553c9487d7cfd9c96374aaa1f4c,2026-07-23T06:42:10Z,staging/collection/tle/tles_20260723_064210.txt,75,2026-07-23T06:42:10Z,LEGION 3,COSMOS 2251 DEB,2026-07-22T20:24:14Z,2026-07-22T21:39:02Z,10.299,2026-07-23T16:02:05.646426Z,559.927440433,6292.823,162.414,4.235685,524.161,623.651,99.490,114.903,-108.695,36.892,32.482,0.992870,5.997507,80.600,0.0318776103,0,0,0,60452,33836
20260723_064210,preset:leo_mixed,leo_mixed,iac26-leo-mixed-75-v1,64c3d2329281da0e246226cb552aafe3b961c553c9487d7cfd9c96374aaa1f4c,2026-07-23T06:42:10Z,staging/collection/tle/tles_20260723_064210.txt,75,2026-07-23T06:42:10Z,SWOT,IRIDIUM 33 DEB,2026-07-22T20:35:53Z,2026-07-22T08:13:49Z,22.472,2026-07-23T18:29:31.306309Z,707.355105150,10023.853,195.106,6.065633,899.440,705.857,193.583,-191.448,34.965,13.837,48.104,-0.479918,12.034684,92.284,0.0316349690,0,0,0,54754,33777
20260723_064210,preset:leo_mixed,leo_mixed,iac26-leo-mixed-75-v1,64c3d2329281da0e246226cb552aafe3b961c553c9487d7cfd9c96374aaa1f4c,2026-07-23T06:42:10Z,staging/collection/tle/tles_20260723_064210.txt,75,2026-07-23T06:42:10Z,AURA,IRIDIUM 33 DEB,2026-07-22T20:44:51Z,2026-07-22T22:46:30Z,9.955,2026-07-23T10:25:58.402568Z,223.806709467,3812.681,178.637,3.319158,688.357,584.351,104.006,-108.763,-139.665,-23.989,25.390,0.628598,2.643254,76.623,0.0313852798,0,0,0,28376,33960
20260723_064210,preset:leo_mixed,leo_mixed,iac26-leo-mixed-75-v1,64c3d2329281da0e246226cb552aafe3b961c553c9487d7cfd9c96374aaa1f4c,2026-07-23T06:42:10Z,staging/collection/tle/tles_20260723_064210.txt,75,2026-07-23T06:42:10Z,IRIDIUM 33 DEB,COSMOS 2251 DEB,2026-07-22T17:02:35Z,2026-07-22T19:01:40Z,13.660,2026-07-23T07:54:03.118723Z,71.885312050,2843.253,190.921,2.931197,754.615,603.795,150.819,-76.976,-172.243,-29.288,22.504,-0.505735,0.788772,122.667,0.0291730654,0,0,0,33850,33825
20260723_064210,preset:leo_mixed,leo_mixed,iac26-leo-mixed-75-v1,64c3d2329281da0e246226cb552aafe3b961c553c9487d7cfd9c96374aaa1f4c,2026-07-23T06:42:10Z,staging/collection/tle/tles_20260723_064210.txt,75,2026-07-23T06:42:10Z,JASON-3,COSMOS 2251 DEB,2026-07-22T21:16:11Z,2026-07-22T21:23:46Z,9.433,2026-07-23T17:19:47.401185Z,637.623353083,13640.975,195.724,4.892047,1312.325,1202.623,109.702,-172.378,-86.167,-34.189,39.719,0.830054,12.869327,86.310,0.0278543723,0,0,0,41240,33914
20260723_064210,preset:leo_mixed,leo_mixed,iac26-leo-mixed-75-v1,64c3d2329281da0e246226cb552aafe3b961c553c9487d7cfd9c96374aaa1f4c,2026-07-23T06:42:10Z,staging/collection/tle/tles_20260723_064210.txt,75,2026-07-23T06:42:10Z,SENTINEL-2A,IRIDIUM 33 DEB,2026-07-22T22:46:31Z,2026-07-22T08:13:49Z,22.472,2026-07-23T15:17:04.318919Z,514.905315317,4614.345,135.601,2.937496,797.250,705.857,91.393,-87.487,102.385,-15.844,22.666,-0.966401,4.340761,102.551,0.0278335503,0,0,0,40697,33777
20260723_064210,preset:leo_mixed,leo_mixed,iac26-leo-mixed-75-v1,64c3d2329281da0e246226cb552aafe3b961c553c9487d7cfd9c96374aaa1f4c,2026-07-23T06:42:10Z,staging/collection/tle/tles_20260723_064210.txt,75,2026-07-23T06:42:10Z,TERRA,COSMOS 2251 DEB,2026-07-22T21:50:45Z,2026-07-22T11:01:00Z,19.686,2026-07-23T18:38:08.211172Z,715.970186200,6524.033,176.626,3.323868,698.656,775.009,76.352,81.121,151.683,-40.106,25.630,-0.699289,6.222314,96.412,0.0189239973,0,0,0,25994,33762
20260723_064210,preset:leo_mixed,leo_mixed,iac26-leo-mixed-75-v1,64c3d2329281da0e246226cb552aafe3b961c553c9487d7cfd9c96374aaa1f4c,2026-07-23T06:42:10Z,staging/collection/tle/tles_20260723_064210.txt,75,2026-07-23T06:42:10Z,NOAA 15,SENTINEL-1A,2026-07-22T20:55:02Z,2026-07-22T22:56:51Z,9.785,2026-07-23T14:09:32.028854Z,447.367147567,4297.416,132.274,1.633788,804.725,704.170,100.555,-112.372,69.776,-0.246,12.522,-0.076105,4.772518,90.914,0.0170285848,0,0,0,25338,39634
20260723_064210,preset:leo_mixed,leo_mixed,iac26-leo-mixed-75-v1,64c3d2329281da0e246226cb552aafe3b961c553c9487d7cfd9c96374aaa1f4c,2026-07-23T06:42:10Z,staging/collection/tle/tles_20260723_064210.txt,75,2026-07-23T06:42:10Z,SWOT,IRIDIUM 33 DEB,2026-07-22T20:35:53Z,2026-07-22T07:56:01Z,22.769,2026-07-23T18:34:02.325511Z,711.872091850,8726.988,169.448,2.774959,899.440,757.867,141.573,-138.518,96.951,11.227,21.520,-0.293147,9.414767,91.783,0.0165613294,0,0,0,54754,33773
20260723_064210,preset:leo_mixed,leo_mixed,iac26-leo-mixed-75-v1,64c3d2329281da0e246226cb552aafe3b961c553c9487d7cfd9c96374aaa1f4c,2026-07-23T06:42:10Z,staging/collection/tle/tles_20260723_064210.txt,75,2026-07-23T06:42:10Z,NOAA 21 (JPSS-2),AURA,2026-07-22T20:10:20Z,2026-07-22T20:44:51Z,10.530,2026-07-23T16:53:21.760268Z,611.196004467,7496.571,182.915,2.392932,817.522,688.357,129.165,-138.089,119.642,8.664,18.382,-0.534318,7.896871,93.871,0.0150591608,0,0,0,54234,28376
20260723_064210,preset:leo_mixed,leo_mixed,iac26-leo-mixed-75-v1,64c3d2329281da0e246226cb552aafe3b961c553c9487d7cfd9c96374aaa1f4c,2026-07-23T06:42:10Z,staging/collection/tle/tles_20260723_064210.txt,75,2026-07-23T06:42:10Z,IRIDIUM 33 DEB,COSMOS 2251 DEB,2026-07-22T15:56:43Z,2026-07-22T11:01:00Z,19.686,2026-07-23T16:18:31.825463Z,576.363757717,9218.429,184.103,1.701984,600.824,775.009,174.185,180.696,-34.166,-8.701,12.990,-0.071838,9.738209,90.423,0.0110890059,0,0,0,34079,33762
20260723_064210,preset:leo_mixed,leo_mixed,iac26-leo-mixed-75-v1,64c3d2329281da0e246226cb552aafe3b961c553c9487d7cfd9c96374aaa1f4c,2026-07-23T06:42:10Z,staging/collection/tle/tles_20260723_064210.txt,75,2026-07-23T06:42:10Z,IRIDIUM 33 DEB,IRIDIUM 33 DEB,2026-07-22T15:47:01Z,2026-07-22T05:29:59Z,25.203,2026-07-23T08:45:29.961639Z,123.332693983,2253.906,177.578,0.810422,726.103,555.487,170.616,-172.956,-38.881,10.406,6.112,-0.234110,2.273949,95.878,0.0083457617,0,0,0,34071,34088
20260723_064210,preset:leo_mixed,leo_mixed,iac26-leo-mixed-75-v1,64c3d2329281da0e246226cb552aafe3b961c553c9487d7cfd9c96374aaa1f4c,2026-07-23T06:42:10Z,staging/collection/tle/tles_20260723_064210.txt,75,2026-07-23T06:42:10Z,CRYOSAT 2,IRIDIUM 33 DEB,2026-07-22T22:04:48Z,2026-07-22T15:43:55Z,14.971,2026-07-23T18:32:53.660602Z,710.727676700,3378.734,168.822,1.085414,710.667,670.458,40.209,-48.008,-161.851,-0.676,8.185,-0.178855,3.451236,92.967,0.0065121168,0,0,0,36508,34521
20260723_064210,preset:leo_mixed,leo_mixed,iac26-leo-mixed-75-v1,64c3d2329281da0e246226cb552aafe3b961c553c9487d7cfd9c96374aaa1f4c,2026-07-23T06:42:10Z,staging/collection/tle/tles_20260723_064210.txt,75,2026-07-23T06:42:10Z,SWOT,COSMOS 2251 DEB,2026-07-22T20:35:53Z,2026-07-22T19:41:17Z,11.015,2026-07-23T16:22:42.932879Z,580.548881317,6532.275,108.874,0.483277,899.440,812.017,87.423,-46.786,-98.184,4.941,3.637,-0.140920,6.613325,91.221,0.0052986127,0,0,0,54754,33915
20260723_064210,preset:leo_mixed,leo_mixed,iac26-leo-mixed-75-v1,64c3d2329281da0e246226cb552aafe3b961c553c9487d7cfd9c96374aaa1f4c,2026-07-23T06:42:10Z,staging/collection/tle/tles_20260723_064210.txt,75,2026-07-23T06:42:10Z,COSMOS 2251 DEB,COSMOS 2251 DEB,2026-07-22T22:48:14Z,2026-07-22T21:39:02Z,9.052,2026-07-23T17:21:56.827768Z,639.780462800,7403.688,155.333,0.738742,750.695,623.651,127.045,-122.431,-92.122,-25.546,5.534,-0.169049,7.861517,91.232,0.0052857267,0,0,0,33828,33836
20260723_064210,preset:leo_mixed,leo_mixed,iac26-leo-mixed-75-v1,64c3d2329281da0e246226cb552aafe3b961c553c9487d7cfd9c96374aaa1f4c,2026-07-23T06:42:10Z,staging/collection/tle/tles_20260723_064210.txt,75,2026-07-23T06:42:10Z,IRIDIUM 33 DEB,IRIDIUM 33 DEB,2026-07-22T05:29:59Z,2026-07-22T15:43:55Z,25.203,2026-07-23T17:30:56.799131Z,648.779985517,7469.400,163.755,0.694115,555.487,670.458,114.971,122.182,-103.339,34.763,5.194,-0.183564,8.041388,91.308,0.0046580104,0,0,0,34088,34521
20260723_064210,preset:leo_mixed,leo_mixed,iac26-leo-mixed-75-v1,64c3d2329281da0e246226cb552aafe3b961c553c9487d7cfd9c96374aaa1f4c,2026-07-23T06:42:10Z,staging/collection/tle/tles_20260723_064210.txt,75,2026-07-23T06:42:10Z,CRYOSAT 2,IRIDIUM 33 DEB,2026-07-22T22:04:48Z,2026-07-22T05:29:59Z,25.203,2026-07-23T17:53:00.271569Z,670.837859483,9974.986,187.288,0.759264,710.667,555.487,155.180,-170.054,74.930,23.325,5.704,-0.157863,10.723296,90.843,0.0043307909,0,0,0,36508,34088
20260723_064210,preset:leo_mixed,leo_mixed,iac26-leo-mixed-75-v1,64c3d2329281da0e246226cb552aafe3b961c553c9487d7cfd9c96374aaa1f4c,2026-07-23T06:42:10Z,staging/collection/tle/tles_20260723_064210.txt,75,2026-07-23T06:42:10Z,COSMOS 2251 DEB,COSMOS 2251 DEB,2026-07-22T20:36:28Z,2026-07-22T11:58:09Z,18.733,2026-07-23T18:42:10.000000Z,720.000000000,5646.099,100.544,0.183984,776.030,671.314,104.716,-80.488,-46.542,38.269,1.275,-0.166645,5.956165,91.603,0.0018298961,0,0,1,33760,33920
20260723_064210,preset:leo_mixed,leo_mixed,iac26-leo-mixed-75-v1,64c3d2329281da0e246226cb552aafe3b961c553c9487d7cfd9c96374aaa1f4c,2026-07-23T06:42:10Z,staging/collection/tle/tles_20260723_064210.txt,75,2026-07-23T06:42:10Z,COSMOS 2251 DEB,COSMOS 2251 DEB,2026-07-22T18:30:10Z,2026-07-22T19:09:02Z,12.200,2026-07-23T18:42:10.000000Z,720.000000000,13904.946,96.774,0.155189,766.421,861.871,95.450,25.702,-82.009,44.488,0.800,0.196958,14.426187,89.218,0.0016036162,0,0,1,33764,33768
