collection_id,source,preset,catalog_version,catalog_sha256,fetched_utc,tle_file,object_count,snapshot_utc,object_1,object_2,tle_epoch_1_utc,tle_epoch_2_utc,max_tle_age_hours,tca_utc,time_to_tca_min,current_distance_km,min_distance_km,relative_velocity_km_s,altitude_1_km,altitude_2_km,altitude_difference_km,relative_radial_km,relative_intrack_km,relative_crosstrack_km,relative_inclination_deg,radial_velocity_km_s,tangential_velocity_km_s,approach_angle_deg,risk_score,fixed_threshold_alarm,risk_label,tca_boundary_flag,object_1_catalog_id,object_2_catalog_id
20260721_231437,preset:leo_mixed,leo_mixed,iac26-leo-mixed-75-v1,64c3d2329281da0e246226cb552aafe3b961c553c9487d7cfd9c96374aaa1f4c,2026-07-21T23:14:37Z,staging/collection/tle/tles_20260721_231437.txt,75,2026-07-21T23:14:37Z,LANDSAT 9,COSMOS 2251 DEB,2026-07-21T04:30:57Z,2026-07-21T04:27:15Z,18.789,2026-07-22T00:22:03.942193Z,67.449036550,12803.865,10.707,14.978732,697.641,744.156,46.515,7.434,0.631,-7.680,171.913,-6.359046,0.041450,179.627,2.6669350024,1,1,0,49260,33838
20260721_231437,preset:leo_mixed,leo_mixed,iac26-leo-mixed-75-v1,64c3d2329281da0e246226cb552aafe3b961c553c9487d7cfd9c96374aaa1f4c,2026-07-21T23:14:37Z,staging/collection/tle/tles_20260721_231437.txt,75,2026-07-21T23:14:37Z,COSMOS 2251 DEB,COSMOS 2251 DEB,2026-07-21T10:10:46Z,2026-07-21T13:00:47Z,13.064,2026-07-22T08:53:46.194021Z,579.153233683,12032.272,6.617,14.343300,753.472,1246.788,493.316,1.996,2.091,-5.951,144.565,-7.697185,4.251826,151.084,2.5918346874,1,1,0,33761,33916
20260721_231437,preset:leo_mixed,leo_mixed,iac26-leo-mixed-75-v1,64c3d2329281da0e246226cb552aafe3b961c553c9487d7cfd9c96374aaa1f4c,2026-07-21T23:14:37Z,staging/collection/tle/tles_20260721_231437.txt,75,2026-07-21T23:14:37Z,COSMOS 2251 DEB,COSMOS 2251 DEB,2026-07-21T14:38:49Z,2026-07-21T08:13:15Z,15.023,2026-07-22T10:19:11.979099Z,664.582984983,13431.069,8.266,14.152071,719.175,673.599,45.577,-2.916,2.545,7.304,141.584,-0.001547,1.438383,90.062,1.8438048082,1,1,0,33758,33825
20260721_231437,preset:leo_mixed,leo_mixed,iac26-leo-mixed-75-v1,64c3d2329281da0e246226cb552aafe3b961c553c9487d7cfd9c96374aaa1f4c,2026-07-21T23:14:37Z,staging/collection/tle/tles_20260721_231437.txt,75,2026-07-21T23:14:37Z,IRIDIUM 33 DEB,COSMOS 2251 DEB,2026-07-21T12:27:06Z,2026-07-21T14:38:49Z,10.792,2026-07-22T03:34:02.957985Z,259.432633083,8979.872,20.532,13.962702,703.972,719.175,15.204,4.641,7.317,-18.614,137.048,-10.194989,0.228538,178.716,1.1150577209,1,1,0,33777,33758
20260721_231437,preset:leo_mixed,leo_mixed,iac26-leo-mixed-75-v1,64c3d2329281da0e246226cb552aafe3b961c553c9487d7cfd9c96374aaa1f4c,2026-07-21T23:14:37Z,staging/collection/tle/tles_20260721_231437.txt,75,2026-07-21T23:14:37Z,AURA,IRIDIUM 33 DEB,2026-07-21T13:31:32Z,2026-07-21T05:19:56Z,17.911,2026-07-22T04:42:42.319149Z,328.088652483,11245.176,19.207,13.781657,695.275,680.867,14.408,-14.173,5.185,11.881,132.919,6.865887,0.219171,1.828,1.1080758709,1,1,0,28376,34521
20260721_231437,preset:leo_mixed,leo_mixed,iac26-leo-mixed-75-v1,64c3d2329281da0e246226cb552aafe3b961c553c9487d7cfd9c96374aaa1f4c,2026-07-21T23:14:37Z,staging/collection/tle/tles_20260721_231437.txt,75,2026-07-21T23:14:37Z,COSMOS 2251 DEB,COSMOS 2251 DEB,2026-07-21T02:55:33Z,2026-07-21T10:16:28Z,20.318,2026-07-22T00:40:24.092721Z,85.784878683,7849.105,23.290,11.610698,660.163,656.934,3.229,21.149,6.174,7.551,101.104,8.042210,0.609488,4.334,0.9376726556,1,1,0,33779,33826
20260721_231437,preset:leo_mixed,leo_mixed,iac26-leo-mixed-75-v1,64c3d2329281da0e246226cb552aafe3b961c553c9487d7cfd9c96374aaa1f4c,2026-07-21T23:14:37Z,staging/collection/tle/tles_20260721_231437.txt,75,2026-07-21T23:14:37Z,IRIDIUM 33 DEB,COSMOS 2251 DEB,2026-07-21T07:19:22Z,2026-07-21T10:36:22Z,15.921,2026-07-22T00:02:21.825693Z,47.747094883,1205.289,17.939,8.671226,760.359,777.059,16.701,1.344,-14.593,10.347,70.806,8.540684,0.162176,1.088,0.9346670513,1,0,0,33850,33764
20260721_231437,preset:leo_mixed,leo_mixed,iac26-leo-mixed-75-v1,64c3d2329281da0e246226cb552aafe3b961c553c9487d7cfd9c96374aaa1f4c,2026-07-21T23:14:37Z,staging/collection/tle/tles_20260721_231437.txt,75,2026-07-21T23:14:37Z,NOAA 15,NOAA 20 (JPSS-1),2026-07-21T14:37:48Z,2026-07-21T14:38:30Z,8.614,2026-07-22T01:10:51.741325Z,116.245688750,7388.173,20.662,9.513866,803.936,825.286,21.350,19.403,5.409,-4.600,79.440,-5.672490,0.260954,177.366,0.8465742512,1,0,0,25338,43013
20260721_231437,preset:leo_mixed,leo_mixed,iac26-leo-mixed-75-v1,64c3d2329281da0e246226cb552aafe3b961c553c9487d7cfd9c96374aaa1f4c,2026-07-21T23:14:37Z,staging/collection/tle/tles_20260721_231437.txt,75,2026-07-21T23:14:37Z,COSMOS 2251 DEB,COSMOS 2251 DEB,2026-07-21T09:10:06Z,2026-07-21T10:06:55Z,14.075,2026-07-22T03:49:20.236628Z,274.720610467,11087.782,26.769,12.784452,1162.299,728.945,433.354,25.571,4.252,-6.681,117.628,-6.547033,4.149980,147.631,0.7729337976,0,1,0,33768,33915
20260721_231437,preset:leo_mixed,leo_mixed,iac26-leo-mixed-75-v1,64c3d2329281da0e246226cb552aafe3b961c553c9487d7cfd9c96374aaa1f4c,2026-07-21T23:14:37Z,staging/collection/tle/tles_20260721_231437.txt,75,2026-07-21T23:14:37Z,IRIDIUM 33 DEB,COSMOS 2251 DEB,2026-07-21T07:19:22Z,2026-07-21T05:13:49Z,18.013,2026-07-22T03:04:35.035679Z,229.967261317,14226.979,33.304,14.845305,760.359,904.460,144.101,-3.586,5.580,-32.637,160.014,-0.278767,0.929414,106.696,0.7491274371,0,1,0,33850,33917
20260721_231437,preset:leo_mixed,leo_mixed,iac26-leo-mixed-75-v1,64c3d2329281da0e246226cb552aafe3b961c553c9487d7cfd9c96374aaa1f4c,2026-07-21T23:14:37Z,staging/collection/tle/tles_20260721_231437.txt,75,2026-07-21T23:14:37Z,NOAA 21 (JPSS-2),COSMOS 2251 DEB,2026-07-21T13:43:22Z,2026-07-21T11:35:11Z,11.657,2026-07-22T03:36:54.009440Z,262.283490667,4087.691,30.909,13.695217,835.082,1195.040,359.958,-27.403,-6.071,12.943,131.950,-12.025803,4.542137,159.308,0.7247683333,0,1,0,54234,33914
20260721_231437,preset:leo_mixed,leo_mixed,iac26-leo-mixed-75-v1,64c3d2329281da0e246226cb552aafe3b961c553c9487d7cfd9c96374aaa1f4c,2026-07-21T23:14:37Z,staging/collection/tle/tles_20260721_231437.txt,75,2026-07-21T23:14:37Z,AURA,COSMOS 2251 DEB,2026-07-21T13:31:32Z,2026-07-21T09:53:41Z,13.349,2026-07-22T06:15:27.432038Z,420.840533967,13969.149,29.178,14.805254,695.275,740.410,45.135,20.429,-3.747,20.493,160.501,0.311141,0.267698,40.708,0.7182443778,0,1,0,28376,33837
20260721_231437,preset:leo_mixed,leo_mixed,iac26-leo-mixed-75-v1,64c3d2329281da0e246226cb552aafe3b961c553c9487d7cfd9c96374aaa1f4c,2026-07-21T23:14:37Z,staging/collection/tle/tles_20260721_231437.txt,75,2026-07-21T23:14:37Z,IRIDIUM 33 DEB,COSMOS 2251 DEB,2026-07-21T09:44:08Z,2026-07-21T09:19:05Z,13.925,2026-07-21T23:46:46.913671Z,32.165227850,12662.363,41.282,14.758287,855.090,752.519,102.571,24.670,6.350,32.484,158.146,6.322479,0.053376,0.484,0.6990315279,0,1,0,33866,33819
20260721_231437,preset:leo_mixed,leo_mixed,iac26-leo-mixed-75-v1,64c3d2329281da0e246226cb552aafe3b961c553c9487d7cfd9c96374aaa1f4c,2026-07-21T23:14:37Z,staging/collection/tle/tles_20260721_231437.txt,75,2026-07-21T23:14:37Z,AQUA,COSMOS 2251 DEB,2026-07-21T14:39:49Z,2026-07-21T08:13:15Z,15.023,2026-07-22T02:23:33.362434Z,188.939373900,6100.463,36.577,14.223356,681.716,673.599,8.118,10.625,11.001,33.226,143.004,12.672343,0.393646,1.779,0.6756854929,0,1,0,27424,33825
20260721_231437,preset:leo_mixed,leo_mixed,iac26-leo-mixed-75-v1,64c3d2329281da0e246226cb552aafe3b961c553c9487d7cfd9c96374aaa1f4c,2026-07-21T23:14:37Z,staging/collection/tle/tles_20260721_231437.txt,75,2026-07-21T23:14:37Z,AQUA,COSMOS 2251 DEB,2026-07-21T14:39:49Z,2026-07-21T10:16:28Z,12.969,2026-07-22T07:37:34.777108Z,502.962951800,7655.463,29.710,15.036798,681.716,656.934,24.782,-28.912,0.485,6.824,172.436,-12.615119,0.389723,178.231,0.6586786882,0,1,0,27424,33826
20260721_231437,preset:leo_mixed,leo_mixed,iac26-leo-mixed-75-v1,64c3d2329281da0e246226cb552aafe3b961c553c9487d7cfd9c96374aaa1f4c,2026-07-21T23:14:37Z,staging/collection/tle/tles_20260721_231437.txt,75,2026-07-21T23:14:37Z,IRIDIUM 33 DEB,COSMOS 2251 DEB,2026-07-21T07:32:42Z,2026-07-21T14:12:04Z,15.699,2026-07-22T02:26:34.926078Z,191.965434633,3072.618,42.643,14.561597,676.007,641.895,34.112,-39.748,3.815,14.963,150.967,14.167448,0.675183,2.729,0.5919163951,0,1,0,34077,33830
20260721_231437,preset:leo_mixed,leo_mixed,iac26-leo-mixed-75-v1,64c3d2329281da0e246226cb552aafe3b961c553c9487d7cfd9c96374aaa1f4c,2026-07-21T23:14:37Z,staging/collection/tle/tles_20260721_231437.txt,75,2026-07-21T23:14:37Z,IRIDIUM 33 DEB,COSMOS 2251 DEB,2026-07-21T05:19:56Z,2026-07-21T10:16:28Z,17.911,2026-07-22T07:12:23.016965Z,477.766949417,6125.614,18.845,7.482501,680.867,656.934,23.933,13.658,-11.271,6.447,59.785,3.990070,1.864619,25.047,0.5306253396,1,0,0,34521,33826
20260721_231437,preset:leo_mixed,leo_mixed,iac26-leo-mixed-75-v1,64c3d2329281da0e246226cb552aafe3b961c553c9487d7cfd9c96374aaa1f4c,2026-07-21T23:14:37Z,staging/collection/tle/tles_20260721_231437.txt,75,2026-07-21T23:14:37Z,IRIDIUM 33,COSMOS 2251 DEB,2026-07-21T07:36:32Z,2026-07-21T07:30:18Z,15.739,2026-07-21T23:20:41.341889Z,6.072364817,5191.873,55.553,14.601549,767.845,737.232,30.613,-38.327,-8.087,-39.393,155.918,-13.547177,0.142797,179.396,0.5234610105,0,0,0,24946,33839
20260721_231437,preset:leo_mixed,leo_mixed,iac26-leo-mixed-75-v1,64c3d2329281da0e246226cb552aafe3b961c553c9487d7cfd9c96374aaa1f4c,2026-07-21T23:14:37Z,staging/collection/tle/tles_20260721_231437.txt,75,2026-07-21T23:14:37Z,LANDSAT 9,COSMOS 2251 DEB,2026-07-21T04:30:57Z,2026-07-21T13:18:26Z,18.728,2026-07-22T08:52:54.749219Z,578.295820317,9722.231,33.471,13.501341,697.641,663.761,33.881,-32.216,-4.040,8.129,127.801,8.584904,0.704784,4.693,0.4827635835,0,1,0,49260,33832
20260721_231437,preset:leo_mixed,leo_mixed,iac26-leo-mixed-75-v1,64c3d2329281da0e246226cb552aafe3b961c553c9487d7cfd9c96374aaa1f4c,2026-07-21T23:14:37Z,staging/collection/tle/tles_20260721_231437.txt,75,2026-07-21T23:14:37Z,TERRA,IRIDIUM 33 DEB,2026-07-21T14:52:08Z,2026-07-21T12:27:06Z,10.792,2026-07-22T01:17:19.389958Z,122.706499300,5864.452,24.764,6.199640,693.915,703.972,10.056,9.323,20.857,-9.557,48.882,-0.304908,0.165256,151.543,0.4580308284,1,0,0,25994,33777
20260721_231437,preset:leo_mixed,leo_mixed,iac26-leo-mixed-75-v1,64c3d2329281da0e246226cb552aafe3b961c553c9487d7cfd9c96374aaa1f4c,2026-07-21T23:14:37Z,staging/collection/tle/tles_20260721_231437.txt,75,2026-07-21T23:14:37Z,COSMOS 2251 DEB,COSMOS 2251 DEB,2026-07-21T09:19:05Z,2026-07-21T04:27:15Z,18.789,2026-07-22T05:53:02.527158Z,398.425452633,1771.533,28.222,8.662611,752.519,744.156,8.363,-19.983,16.090,11.758,70.875,3.758313,7.957509,64.719,0.4440399518,0,0,0,33819,33838
20260721_231437,preset:leo_mixed,leo_mixed,iac26-leo-mixed-75-v1,64c3d2329281da0e246226cb552aafe3b961c553c9487d7cfd9c96374aaa1f4c,2026-07-21T23:14:37Z,staging/collection/tle/tles_20260721_231437.txt,75,2026-07-21T23:14:37Z,COSMOS 2251 DEB,COSMOS 2251 DEB,2026-07-21T10:36:22Z,2026-07-21T11:35:11Z,12.637,2026-07-22T06:54:39.142914Z,460.035715233,3698.535,43.591,13.874850,777.059,1195.040,417.981,29.156,12.451,29.917,134.054,2.461194,13.666591,79.791,0.4332234458,0,1,0,33764,33914
20260721_231437,preset:leo_mixed,leo_mixed,iac26-leo-mixed-75-v1,64c3d2329281da0e246226cb552aafe3b961c553c9487d7cfd9c96374aaa1f4c,2026-07-21T23:14:37Z,staging/collection/tle/tles_20260721_231437.txt,75,2026-07-21T23:14:37Z,TERRA,COSMOS 2251 DEB,2026-07-21T14:52:08Z,2026-07-21T11:05:20Z,12.155,2026-07-22T01:56:21.160441Z,161.736007350,11275.473,63.020,14.847909,693.915,634.332,59.584,-53.308,-5.570,33.149,161.119,-8.657120,0.233455,178.455,0.4182845221,0,0,0,25994,33911
20260721_231437,preset:leo_mixed,leo_mixed,iac26-leo-mixed-75-v1,64c3d2329281da0e246226cb552aafe3b961c553c9487d7cfd9c96374aaa1f4c,2026-07-21T23:14:37Z,staging/collection/tle/tles_20260721_231437.txt,75,2026-07-21T23:14:37Z,NOAA 20 (JPSS-1),IRIDIUM 33 DEB,2026-07-21T14:38:30Z,2026-07-21T14:46:58Z,8.602,2026-07-22T01:53:50.295382Z,159.221589700,6998.974,67.496,14.839103,825.286,737.886,87.400,-66.060,-0.944,13.815,171.183,-12.979973,0.250389,178.895,0.3910842642,0,0,0,43013,33775
20260721_231437,preset:leo_mixed,leo_mixed,iac26-leo-mixed-75-v1,64c3d2329281da0e246226cb552aafe3b961c553c9487d7cfd9c96374aaa1f4c,2026-07-21T23:14:37Z,staging/collection/tle/tles_20260721_231437.txt,75,2026-07-21T23:14:37Z,NOAA 15,COSMOS 2251 DEB,2026-07-21T14:37:48Z,2026-07-21T11:23:19Z,11.855,2026-07-21T23:34:26.999059Z,19.833317650,6936.784,38.909,7.622810,803.936,790.056,13.880,-14.659,-31.009,-18.369,61.525,-2.514512,0.058988,178.656,0.3864345375,0,0,0,25338,33757
20260721_231437,preset:leo_mixed,leo_mixed,iac26-leo-mixed-75-v1,64c3d2329281da0e246226cb552aafe3b961c553c9487d7cfd9c96374aaa1f4c,2026-07-21T23:14:37Z,staging/collection/tle/tles_20260721_231437.txt,75,2026-07-21T23:14:37Z,NOAA 20 (JPSS-1),COSMOS 2251 DEB,2026-07-21T14:38:30Z,2026-07-21T06:44:37Z,16.500,2026-07-22T02:07:24.519117Z,172.791985283,12330.638,62.013,13.149518,825.286,781.216,44.070,-60.791,-5.957,10.708,124.106,-3.214420,0.385269,173.165,0.3731995513,0,0,0,43013,33762
20260721_231437,preset:leo_mixed,leo_mixed,iac26-leo-mixed-75-v1,64c3d2329281da0e246226cb552aafe3b961c553c9487d7cfd9c96374aaa1f4c,2026-07-21T23:14:37Z,staging/collection/tle/tles_20260721_231437.txt,75,2026-07-21T23:14:37Z,CRYOSAT 2,COSMOS 2251 DEB,2026-07-21T14:39:09Z,2026-07-21T02:55:33Z,20.318,2026-07-22T00:28:07.397048Z,73.506617467,14002.831,76.173,14.883357,711.233,660.163,51.071,-71.908,3.246,-24.919,164.867,-0.282859,0.046385,170.687,0.3708313688,0,0,0,36508,33779
20260721_231437,preset:leo_mixed,leo_mixed,iac26-leo-mixed-75-v1,64c3d2329281da0e246226cb552aafe3b961c553c9487d7cfd9c96374aaa1f4c,2026-07-21T23:14:37Z,staging/collection/tle/tles_20260721_231437.txt,75,2026-07-21T23:14:37Z,IRIDIUM 33 DEB,COSMOS 2251 DEB,2026-07-21T06:40:11Z,2026-07-21T05:13:49Z,18.013,2026-07-21T23:25:18.986428Z,10.699773800,8730.259,85.123,14.667130,726.568,904.460,177.892,69.776,-11.419,47.400,153.661,-11.519874,0.067450,179.665,0.3420504776,0,0,0,34071,33917
20260721_231437,preset:leo_mixed,leo_mixed,iac26-leo-mixed-75-v1,64c3d2329281da0e246226cb552aafe3b961c553c9487d7cfd9c96374aaa1f4c,2026-07-21T23:14:37Z,staging/collection/tle/tles_20260721_231437.txt,75,2026-07-21T23:14:37Z,LANDSAT 8,COSMOS 2251 DEB,2026-07-21T13:34:38Z,2026-07-21T09:08:37Z,14.100,2026-07-22T03:05:57.967316Z,231.349455267,8759.305,55.148,10.505881,710.098,757.316,47.218,53.174,-10.456,10.221,89.096,4.981767,0.790828,9.020,0.3197952354,0,0,0,39084,33828
20260721_231437,preset:leo_mixed,leo_mixed,iac26-leo-mixed-75-v1,64c3d2329281da0e246226cb552aafe3b961c553c9487d7cfd9c96374aaa1f4c,2026-07-21T23:14:37Z,staging/collection/tle/tles_20260721_231437.txt,75,2026-07-21T23:14:37Z,NOAA 20 (JPSS-1),IRIDIUM 33 DEB,2026-07-21T14:38:30Z,2026-07-21T08:38:42Z,14.598,2026-07-22T03:07:59.008434Z,233.366807233,13010.332,79.678,14.896853,825.286,761.217,64.070,-79.074,0.692,-9.764,173.176,6.201288,0.134924,1.246,0.3133277191,0,0,0,43013,33773
20260721_231437,preset:leo_mixed,leo_mixed,iac26-leo-mixed-75-v1,64c3d2329281da0e246226cb552aafe3b961c553c9487d7cfd9c96374aaa1f4c,2026-07-21T23:14:37Z,staging/collection/tle/tles_20260721_231437.txt,75,2026-07-21T23:14:37Z,SENTINEL-5P,IRIDIUM 33 DEB,2026-07-21T05:55:02Z,2026-07-21T08:38:42Z,17.326,2026-07-22T04:40:44.905877Z,326.131764617,14292.586,78.921,14.900159,818.657,761.217,57.441,-76.070,-0.787,21.008,174.554,-0.921846,0.182090,168.826,0.2920782402,0,0,0,42969,33773
20260721_231437,preset:leo_mixed,leo_mixed,iac26-leo-mixed-75-v1,64c3d2329281da0e246226cb552aafe3b961c553c9487d7cfd9c96374aaa1f4c,2026-07-21T23:14:37Z,staging/collection/tle/tles_20260721_231437.txt,75,2026-07-21T23:14:37Z,COSMOS 2251 DEB,COSMOS 2251 DEB,2026-07-21T06:07:20Z,2026-07-21T10:06:55Z,17.121,2026-07-22T09:58:21.369118Z,643.739485300,4280.911,55.514,13.500301,719.443,728.945,9.502,41.079,16.185,-33.650,129.536,12.471555,3.238046,14.555,0.2689473851,0,0,0,33913,33915
20260721_231437,preset:leo_mixed,leo_mixed,iac26-leo-mixed-75-v1,64c3d2329281da0e246226cb552aafe3b961c553c9487d7cfd9c96374aaa1f4c,2026-07-21T23:14:37Z,staging/collection/tle/tles_20260721_231437.txt,75,2026-07-21T23:14:37Z,NOAA 15,COSMOS 2251 DEB,2026-07-21T14:37:48Z,2026-07-21T13:00:47Z,10.230,2026-07-22T03:55:30.775715Z,280.896261917,14642.265,89.680,14.870388,803.936,1246.788,442.851,67.987,-3.929,58.351,170.451,-1.844425,0.488388,165.169,0.2669430757,0,0,0,25338,33916
20260721_231437,preset:leo_mixed,leo_mixed,iac26-leo-mixed-75-v1,64c3d2329281da0e246226cb552aafe3b961c553c9487d7cfd9c96374aaa1f4c,2026-07-21T23:14:37Z,staging/collection/tle/tles_20260721_231437.txt,75,2026-07-21T23:14:37Z,IRIDIUM 33 DEB,COSMOS 2251 DEB,2026-07-21T07:15:55Z,2026-07-21T04:27:15Z,18.789,2026-07-22T01:30:57.804551Z,136.346742517,9098.743,98.448,14.459104,626.142,744.156,118.015,76.506,-16.793,-59.638,148.916,10.761987,0.477175,2.539,0.2659292741,0,0,0,33862,33838
20260721_231437,preset:leo_mixed,leo_mixed,iac26-leo-mixed-75-v1,64c3d2329281da0e246226cb552aafe3b961c553c9487d7cfd9c96374aaa1f4c,2026-07-21T23:14:37Z,staging/collection/tle/tles_20260721_231437.txt,75,2026-07-21T23:14:37Z,SENTINEL-3A,COSMOS 2251 DEB,2026-07-21T13:55:27Z,2026-07-21T04:27:15Z,18.789,2026-07-22T11:05:18.561730Z,710.692695500,7794.156,57.096,14.870984,807.397,744.156,63.241,-55.703,0.675,12.516,171.680,-12.436328,0.426310,178.037,0.2638245303,0,0,0,41335,33838
20260721_231437,preset:leo_mixed,leo_mixed,iac26-leo-mixed-75-v1,64c3d2329281da0e246226cb552aafe3b961c553c9487d7cfd9c96374aaa1f4c,2026-07-21T23:14:37Z,staging/collection/tle/tles_20260721_231437.txt,75,2026-07-21T23:14:37Z,NOAA 15,COSMOS 2251 DEB,2026-07-21T14:37:48Z,2026-07-21T09:53:41Z,13.349,2026-07-21T23:31:40.389403Z,17.056490050,11659.647,105.590,13.890505,803.936,740.410,63.526,-88.418,21.675,53.494,136.665,-6.685310,0.038054,179.674,0.2599865386,0,0,0,25338,33837
20260721_231437,preset:leo_mixed,leo_mixed,iac26-leo-mixed-75-v1,64c3d2329281da0e246226cb552aafe3b961c553c9487d7cfd9c96374aaa1f4c,2026-07-21T23:14:37Z,staging/collection/tle/tles_20260721_231437.txt,75,2026-07-21T23:14:37Z,COSMOS 2251 DEB,COSMOS 2251 DEB,2026-07-21T04:27:15Z,2026-07-21T10:06:55Z,18.789,2026-07-22T07:23:38.486267Z,489.024771117,6804.347,58.927,11.522842,744.156,728.945,15.212,50.952,-19.005,-22.695,101.070,9.001455,2.182728,13.630,0.2582768204,0,0,0,33838,33915
20260721_231437,preset:leo_mixed,leo_mixed,iac26-leo-mixed-75-v1,64c3d2329281da0e246226cb552aafe3b961c553c9487d7cfd9c96374aaa1f4c,2026-07-21T23:14:37Z,staging/collection/tle/tles_20260721_231437.txt,75,2026-07-21T23:14:37Z,IRIDIUM 33 DEB,COSMOS 2251 DEB,2026-07-21T06:40:11Z,2026-07-21T11:05:20Z,16.574,2026-07-22T03:12:42.972781Z,238.099546350,6498.682,95.742,14.734560,726.568,634.332,92.236,-93.569,4.249,19.830,156.668,12.963371,0.915807,4.041,0.2569049338,0,0,0,34071,33911
20260721_231437,preset:leo_mixed,leo_mixed,iac26-leo-mixed-75-v1,64c3d2329281da0e246226cb552aafe3b961c553c9487d7cfd9c96374aaa1f4c,2026-07-21T23:14:37Z,staging/collection/tle/tles_20260721_231437.txt,75,2026-07-21T23:14:37Z,IRIDIUM 33 DEB,COSMOS 2251 DEB,2026-07-21T09:44:08Z,2026-07-21T10:10:46Z,13.508,2026-07-22T10:12:53.320072Z,658.272001200,5092.408,61.387,14.486580,855.090,753.472,101.618,-14.754,14.910,57.693,151.049,-13.301150,1.965040,171.596,0.2562182302,0,0,0,33866,33761
20260721_231437,preset:leo_mixed,leo_mixed,iac26-leo-mixed-75-v1,64c3d2329281da0e246226cb552aafe3b961c553c9487d7cfd9c96374aaa1f4c,2026-07-21T23:14:37Z,staging/collection/tle/tles_20260721_231437.txt,75,2026-07-21T23:14:37Z,IRIDIUM 33 DEB,COSMOS 2251 DEB,2026-07-21T07:21:48Z,2026-07-21T14:12:04Z,15.880,2026-07-22T09:46:51.997808Z,632.249963467,4983.538,66.559,14.677301,722.217,641.895,80.322,-63.746,4.420,-18.629,153.973,13.430358,2.644860,11.141,0.2473897292,0,0,0,33953,33830
20260721_231437,preset:leo_mixed,leo_mixed,iac26-leo-mixed-75-v1,64c3d2329281da0e246226cb552aafe3b961c553c9487d7cfd9c96374aaa1f4c,2026-07-21T23:14:37Z,staging/collection/tle/tles_20260721_231437.txt,75,2026-07-21T23:14:37Z,IRIDIUM 33 DEB,COSMOS 2251 DEB,2026-07-21T06:20:42Z,2026-07-21T14:38:49Z,16.898,2026-07-22T08:29:45.324870Z,555.138747833,9440.483,67.257,13.533654,664.721,719.175,54.454,50.026,-19.333,40.586,128.478,-9.041702,1.814127,168.655,0.2472961502,0,0,0,33860,33758
20260721_231437,preset:leo_mixed,leo_mixed,iac26-leo-mixed-75-v1,64c3d2329281da0e246226cb552aafe3b961c553c9487d7cfd9c96374aaa1f4c,2026-07-21T23:14:37Z,staging/collection/tle/tles_20260721_231437.txt,75,2026-07-21T23:14:37Z,TIMED,COSMOS 2251 DEB,2026-07-21T07:54:45Z,2026-07-21T08:13:15Z,15.331,2026-07-22T01:23:18.575962Z,128.692932700,11570.241,105.370,14.103356,585.995,673.599,87.604,16.922,-37.871,96.863,137.289,6.461463,0.252396,2.237,0.2437676912,0,0,0,26998,33825
20260721_231437,preset:leo_mixed,leo_mixed,iac26-leo-mixed-75-v1,64c3d2329281da0e246226cb552aafe3b961c553c9487d7cfd9c96374aaa1f4c,2026-07-21T23:14:37Z,staging/collection/tle/tles_20260721_231437.txt,75,2026-07-21T23:14:37Z,TIMED,IRIDIUM 33 DEB,2026-07-21T07:54:45Z,2026-07-21T06:20:42Z,16.898,2026-07-22T06:03:20.456816Z,408.724280267,11854.451,77.526,13.166314,585.995,664.721,78.726,77.525,0.219,-0.423,121.746,-3.517093,1.660984,154.720,0.2432530262,0,0,0,26998,33860
20260721_231437,preset:leo_mixed,leo_mixed,iac26-leo-mixed-75-v1,64c3d2329281da0e246226cb552aafe3b961c553c9487d7cfd9c96374aaa1f4c,2026-07-21T23:14:37Z,staging/collection/tle/tles_20260721_231437.txt,75,2026-07-21T23:14:37Z,SENTINEL-1A,COSMOS 2251 DEB,2026-07-21T14:01:57Z,2026-07-21T13:00:47Z,10.230,2026-07-22T00:04:25.528465Z,49.808807750,1365.063,120.060,15.031010,702.748,1246.788,544.040,79.076,7.947,-89.989,169.673,13.059327,6.310190,25.790,0.2417316747,0,0,0,39634,33916
20260721_231437,preset:leo_mixed,leo_mixed,iac26-leo-mixed-75-v1,64c3d2329281da0e246226cb552aafe3b961c553c9487d7cfd9c96374aaa1f4c,2026-07-21T23:14:37Z,staging/collection/tle/tles_20260721_231437.txt,75,2026-07-21T23:14:37Z,COSMOS 2251 DEB,COSMOS 2251 DEB,2026-07-21T06:44:37Z,2026-07-21T05:13:49Z,18.013,2026-07-21T23:24:40.017581Z,10.050293017,7800.994,117.945,13.814895,781.216,904.460,123.244,7.547,46.433,-108.157,133.820,-11.219472,0.232155,178.815,0.2326250648,0,0,0,33762,33917
20260721_231437,preset:leo_mixed,leo_mixed,iac26-leo-mixed-75-v1,64c3d2329281da0e246226cb552aafe3b961c553c9487d7cfd9c96374aaa1f4c,2026-07-21T23:14:37Z,staging/collection/tle/tles_20260721_231437.txt,75,2026-07-21T23:14:37Z,COSMOS 2251 DEB,COSMOS 2251 DEB,2026-07-21T09:21:49Z,2026-07-21T13:00:47Z,13.880,2026-07-22T06:58:38.088852Z,464.018147533,3922.879,75.030,12.793236,811.665,1246.788,435.123,-27.917,-36.281,59.446,117.568,6.267925,11.095431,60.537,0.2311284183,0,0,0,33822,33916
20260721_231437,preset:leo_mixed,leo_mixed,iac26-leo-mixed-75-v1,64c3d2329281da0e246226cb552aafe3b961c553c9487d7cfd9c96374aaa1f4c,2026-07-21T23:14:37Z,staging/collection/tle/tles_20260721_231437.txt,75,2026-07-21T23:14:37Z,COSMOS 2251 DEB,COSMOS 2251 DEB,2026-07-21T06:44:37Z,2026-07-21T10:16:28Z,16.500,2026-07-21T23:40:47.745407Z,26.179090117,9397.488,87.189,9.934744,781.216,656.934,124.282,-78.732,27.860,25.037,83.281,0.860916,0.237610,15.429,0.2237479770,0,0,0,33762,33826
20260721_231437,preset:leo_mixed,leo_mixed,iac26-leo-mixed-75-v1,64c3d2329281da0e246226cb552aafe3b961c553c9487d7cfd9c96374aaa1f4c,2026-07-21T23:14:37Z,staging/collection/tle/tles_20260721_231437.txt,75,2026-07-21T23:14:37Z,CRYOSAT 2,COSMOS 2251 DEB,2026-07-21T14:39:09Z,2026-07-21T10:10:46Z,13.064,2026-07-22T10:50:23.397709Z,695.773295150,1505.666,47.271,10.207923,711.233,753.472,42.239,44.297,11.901,-11.428,86.032,4.060603,9.355305,66.537,0.2232129393,0,1,0,36508,33761
20260721_231437,preset:leo_mixed,leo_mixed,iac26-leo-mixed-75-v1,64c3d2329281da0e246226cb552aafe3b961c553c9487d7cfd9c96374aaa1f4c,2026-07-21T23:14:37Z,staging/collection/tle/tles_20260721_231437.txt,75,2026-07-21T23:14:37Z,NOAA 21 (JPSS-2),COSMOS 2251 DEB,2026-07-21T13:43:22Z,2026-07-21T08:13:15Z,15.023,2026-07-22T00:32:59.576834Z,78.376280567,13821.028,127.413,14.874522,835.082,673.599,161.483,-122.398,2.931,35.274,171.158,3.476214,0.095461,1.573,0.2207766993,0,0,0,54234,33825
20260721_231437,preset:leo_mixed,leo_mixed,iac26-leo-mixed-75-v1,64c3d2329281da0e246226cb552aafe3b961c553c9487d7cfd9c96374aaa1f4c,2026-07-21T23:14:37Z,staging/collection/tle/tles_20260721_231437.txt,75,2026-07-21T23:14:37Z,TIMED,COSMOS 2251 DEB,2026-07-21T07:54:45Z,2026-07-21T11:05:20Z,15.331,2026-07-22T04:19:45.166003Z,305.136100050,6831.382,64.396,8.935463,585.995,634.332,48.337,42.619,38.701,28.856,72.606,-5.137776,1.521397,163.505,0.2187098720,0,0,0,26998,33911
20260721_231437,preset:leo_mixed,leo_mixed,iac26-leo-mixed-75-v1,64c3d2329281da0e246226cb552aafe3b961c553c9487d7cfd9c96374aaa1f4c,2026-07-21T23:14:37Z,staging/collection/tle/tles_20260721_231437.txt,75,2026-07-21T23:14:37Z,SENTINEL-1A,COSMOS 2251 DEB,2026-07-21T14:01:57Z,2026-07-21T11:35:11Z,11.657,2026-07-22T07:00:42.073348Z,466.084555800,7434.246,92.470,14.827435,702.748,1195.040,492.292,74.688,-10.045,-53.586,158.570,-12.128660,3.835402,162.452,0.2168974817,0,0,0,39634,33914
20260721_231437,preset:leo_mixed,leo_mixed,iac26-leo-mixed-75-v1,64c3d2329281da0e246226cb552aafe3b961c553c9487d7cfd9c96374aaa1f4c,2026-07-21T23:14:37Z,staging/collection/tle/tles_20260721_231437.txt,75,2026-07-21T23:14:37Z,SENTINEL-3A,COSMOS 2251 DEB,2026-07-21T13:55:27Z,2026-07-21T06:34:42Z,16.665,2026-07-22T06:16:05.915168Z,421.481919467,13002.052,92.445,13.952555,807.397,711.164,96.233,-86.132,-12.033,-31.347,138.571,-3.263707,1.349470,157.536,0.2135037744,0,0,0,41335,33912
20260721_231437,preset:leo_mixed,leo_mixed,iac26-leo-mixed-75-v1,64c3d2329281da0e246226cb552aafe3b961c553c9487d7cfd9c96374aaa1f4c,2026-07-21T23:14:37Z,staging/collection/tle/tles_20260721_231437.txt,75,2026-07-21T23:14:37Z,LANDSAT 9,IRIDIUM 33 DEB,2026-07-21T04:30:57Z,2026-07-21T09:18:30Z,18.728,2026-07-22T06:29:59.797070Z,435.379951167,6482.235,61.686,9.139560,697.641,753.495,55.853,61.332,-5.186,4.088,75.410,6.188176,2.864844,24.842,0.2067310014,0,0,0,49260,33776
20260721_231437,preset:leo_mixed,leo_mixed,iac26-leo-mixed-75-v1,64c3d2329281da0e246226cb552aafe3b961c553c9487d7cfd9c96374aaa1f4c,2026-07-21T23:14:37Z,staging/collection/tle/tles_20260721_231437.txt,75,2026-07-21T23:14:37Z,COSMOS 2251 DEB,COSMOS 2251 DEB,2026-07-21T09:21:49Z,2026-07-21T10:16:28Z,13.880,2026-07-22T04:12:27.493132Z,297.841552200,3153.345,111.422,14.432356,811.665,656.934,154.731,-111.420,0.699,-0.031,146.574,13.188460,4.997526,20.753,0.2054755343,0,0,0,33822,33826
20260721_231437,preset:leo_mixed,leo_mixed,iac26-leo-mixed-75-v1,64c3d2329281da0e246226cb552aafe3b961c553c9487d7cfd9c96374aaa1f4c,2026-07-21T23:14:37Z,staging/collection/tle/tles_20260721_231437.txt,75,2026-07-21T23:14:37Z,IRIDIUM 33 DEB,COSMOS 2251 DEB,2026-07-21T15:45:59Z,2026-07-21T01:41:53Z,21.546,2026-07-22T07:00:16.094145Z,465.651569083,9673.252,97.417,14.735998,597.791,524.281,73.510,-89.680,8.522,-37.080,153.353,10.303460,1.609672,8.879,0.2047050626,0,0,0,34079,33765
20260721_231437,preset:leo_mixed,leo_mixed,iac26-leo-mixed-75-v1,64c3d2329281da0e246226cb552aafe3b961c553c9487d7cfd9c96374aaa1f4c,2026-07-21T23:14:37Z,staging/collection/tle/tles_20260721_231437.txt,75,2026-07-21T23:14:37Z,SENTINEL-2A,COSMOS 2251 DEB,2026-07-21T14:53:14Z,2026-07-21T05:13:49Z,18.013,2026-07-22T06:18:18.712797Z,423.695213283,9748.216,103.061,14.666774,793.067,904.460,111.393,79.792,11.350,-64.234,157.903,-10.742483,2.414258,167.334,0.2008772856,0,0,0,40697,33917
20260721_231437,preset:leo_mixed,leo_mixed,iac26-leo-mixed-75-v1,64c3d2329281da0e246226cb552aafe3b961c553c9487d7cfd9c96374aaa1f4c,2026-07-21T23:14:37Z,staging/collection/tle/tles_20260721_231437.txt,75,2026-07-21T23:14:37Z,NOAA 20 (JPSS-1),COSMOS 2251 DEB,2026-07-21T14:38:30Z,2026-07-21T09:53:41Z,13.349,2026-07-22T05:22:08.717453Z,367.528624217,11644.881,106.309,14.169380,825.286,740.410,84.876,-97.795,12.829,39.662,144.088,-7.397569,1.312241,169.941,0.1985338840,0,0,0,43013,33837
20260721_231437,preset:leo_mixed,leo_mixed,iac26-leo-mixed-75-v1,64c3d2329281da0e246226cb552aafe3b961c553c9487d7cfd9c96374aaa1f4c,2026-07-21T23:14:37Z,staging/collection/tle/tles_20260721_231437.txt,75,2026-07-21T23:14:37Z,LANDSAT 8,COSMOS 2251 DEB,2026-07-21T13:34:38Z,2026-07-21T14:12:04Z,9.666,2026-07-22T00:38:06.471126Z,83.491185433,9752.903,122.926,12.912781,710.098,641.895,68.204,-93.240,41.510,68.513,118.336,7.653154,0.314509,2.353,0.1979092611,0,0,0,39084,33830
20260721_231437,preset:leo_mixed,leo_mixed,iac26-leo-mixed-75-v1,64c3d2329281da0e246226cb552aafe3b961c553c9487d7cfd9c96374aaa1f4c,2026-07-21T23:14:37Z,staging/collection/tle/tles_20260721_231437.txt,75,2026-07-21T23:14:37Z,IRIDIUM 33 DEB,COSMOS 2251 DEB,2026-07-21T14:46:58Z,2026-07-21T11:46:43Z,11.465,2026-07-22T01:58:50.751803Z,164.229196717,9688.327,136.028,14.680304,737.886,1035.838,297.952,-17.215,28.164,-131.962,155.949,-10.531108,0.841227,175.433,0.1912262154,0,0,0,33775,33823
20260721_231437,preset:leo_mixed,leo_mixed,iac26-leo-mixed-75-v1,64c3d2329281da0e246226cb552aafe3b961c553c9487d7cfd9c96374aaa1f4c,2026-07-21T23:14:37Z,staging/collection/tle/tles_20260721_231437.txt,75,2026-07-21T23:14:37Z,IRIDIUM 33 DEB,COSMOS 2251 DEB,2026-07-21T05:19:56Z,2026-07-21T11:05:20Z,17.911,2026-07-22T10:35:30.097479Z,680.884957983,3312.832,81.438,14.485603,680.867,634.332,46.535,-47.722,-17.845,63.532,148.760,13.665917,3.555534,14.584,0.1875367319,0,0,0,34521,33911
20260721_231437,preset:leo_mixed,leo_mixed,iac26-leo-mixed-75-v1,64c3d2329281da0e246226cb552aafe3b961c553c9487d7cfd9c96374aaa1f4c,2026-07-21T23:14:37Z,staging/collection/tle/tles_20260721_231437.txt,75,2026-07-21T23:14:37Z,SWARM B,TIMED,2026-07-21T15:10:59Z,2026-07-21T07:54:45Z,15.331,2026-07-22T07:02:18.443384Z,467.690723067,7468.643,110.287,14.915787,474.405,585.995,111.589,103.383,7.613,-37.647,157.925,12.368217,1.979627,9.093,0.1826385757,0,0,0,39451,26998
20260721_231437,preset:leo_mixed,leo_mixed,iac26-leo-mixed-75-v1,64c3d2329281da0e246226cb552aafe3b961c553c9487d7cfd9c96374aaa1f4c,2026-07-21T23:14:37Z,staging/collection/tle/tles_20260721_231437.txt,75,2026-07-21T23:14:37Z,SWARM B,COSMOS 2251 DEB,2026-07-21T15:10:59Z,2026-07-21T05:57:11Z,17.290,2026-07-22T01:04:33.090609Z,109.934843483,5870.125,76.885,7.428882,474.405,422.456,51.950,-33.408,60.671,33.380,58.215,-3.535645,0.347980,174.379,0.1784938196,0,0,0,39451,33821
20260721_231437,preset:leo_mixed,leo_mixed,iac26-leo-mixed-75-v1,64c3d2329281da0e246226cb552aafe3b961c553c9487d7cfd9c96374aaa1f4c,2026-07-21T23:14:37Z,staging/collection/tle/tles_20260721_231437.txt,75,2026-07-21T23:14:37Z,IRIDIUM 33 DEB,COSMOS 2251 DEB,2026-07-21T09:18:30Z,2026-07-21T00:19:34Z,22.917,2026-07-21T23:51:41.768539Z,37.079475650,4334.956,70.666,6.319454,753.495,691.065,62.430,-70.642,-1.388,1.200,50.045,4.405998,0.262308,3.407,0.1742488271,0,0,0,33776,33835
20260721_231437,preset:leo_mixed,leo_mixed,iac26-leo-mixed-75-v1,64c3d2329281da0e246226cb552aafe3b961c553c9487d7cfd9c96374aaa1f4c,2026-07-21T23:14:37Z,staging/collection/tle/tles_20260721_231437.txt,75,2026-07-21T23:14:37Z,IRIDIUM 33 DEB,COSMOS 2251 DEB,2026-07-21T07:32:42Z,2026-07-21T10:37:51Z,15.699,2026-07-21T23:17:47.876852Z,3.181280867,1786.887,108.536,9.406679,676.007,765.160,89.153,88.846,48.077,39.686,77.821,-9.201097,0.550135,176.578,0.1729551109,0,0,0,34077,33760
20260721_231437,preset:leo_mixed,leo_mixed,iac26-leo-mixed-75-v1,64c3d2329281da0e246226cb552aafe3b961c553c9487d7cfd9c96374aaa1f4c,2026-07-21T23:14:37Z,staging/collection/tle/tles_20260721_231437.txt,75,2026-07-21T23:14:37Z,COSMOS 2251 DEB,COSMOS 2251 DEB,2026-07-21T11:46:43Z,2026-07-21T09:53:41Z,13.349,2026-07-22T03:48:25.339710Z,273.805661833,12081.981,120.559,12.627784,1035.838,740.410,295.428,-32.930,62.610,97.622,114.821,-3.021358,2.269195,143.092,0.1696552628,0,0,0,33823,33837
20260721_231437,preset:leo_mixed,leo_mixed,iac26-leo-mixed-75-v1,64c3d2329281da0e246226cb552aafe3b961c553c9487d7cfd9c96374aaa1f4c,2026-07-21T23:14:37Z,staging/collection/tle/tles_20260721_231437.txt,75,2026-07-21T23:14:37Z,COSMOS 2251 DEB,COSMOS 2251 DEB,2026-07-21T10:16:28Z,2026-07-21T15:19:10Z,12.969,2026-07-22T10:57:00.607555Z,702.393459250,11597.531,87.505,14.471252,656.934,618.569,38.365,-25.814,23.604,-80.209,147.141,-7.468750,2.004408,164.977,0.1694210282,0,0,0,33826,33836
20260721_231437,preset:leo_mixed,leo_mixed,iac26-leo-mixed-75-v1,64c3d2329281da0e246226cb552aafe3b961c553c9487d7cfd9c96374aaa1f4c,2026-07-21T23:14:37Z,staging/collection/tle/tles_20260721_231437.txt,75,2026-07-21T23:14:37Z,RESURS-DK 1,COSMOS 2251 DEB,2026-07-21T12:57:17Z,2026-07-21T02:55:33Z,20.318,2026-07-22T02:37:12.761633Z,202.596027217,7684.447,141.821,13.873818,527.720,660.163,132.443,128.014,23.793,56.209,133.216,-11.067048,1.722119,171.155,0.1681258856,0,0,0,29228,33779
20260721_231437,preset:leo_mixed,leo_mixed,iac26-leo-mixed-75-v1,64c3d2329281da0e246226cb552aafe3b961c553c9487d7cfd9c96374aaa1f4c,2026-07-21T23:14:37Z,staging/collection/tle/tles_20260721_231437.txt,75,2026-07-21T23:14:37Z,CRYOSAT 2,COSMOS 2251 DEB,2026-07-21T14:39:09Z,2026-07-21T15:19:10Z,8.591,2026-07-22T00:05:28.919734Z,50.865328900,1279.422,137.494,11.910426,711.233,618.569,92.664,-112.956,-48.239,-61.796,104.893,-11.416180,3.173159,164.467,0.1671298025,0,0,0,36508,33836
20260721_231437,preset:leo_mixed,leo_mixed,iac26-leo-mixed-75-v1,64c3d2329281da0e246226cb552aafe3b961c553c9487d7cfd9c96374aaa1f4c,2026-07-21T23:14:37Z,staging/collection/tle/tles_20260721_231437.txt,75,2026-07-21T23:14:37Z,IRIDIUM 33 DEB,COSMOS 2251 DEB,2026-07-21T13:45:59Z,2026-07-21T05:57:11Z,17.290,2026-07-22T04:07:53.519818Z,293.275330300,6540.784,112.675,11.661587,537.815,422.456,115.360,-104.556,27.272,31.938,99.829,-9.038914,3.371866,159.543,0.1648373102,0,0,0,34088,33821
20260721_231437,preset:leo_mixed,leo_mixed,iac26-leo-mixed-75-v1,64c3d2329281da0e246226cb552aafe3b961c553c9487d7cfd9c96374aaa1f4c,2026-07-21T23:14:37Z,staging/collection/tle/tles_20260721_231437.txt,75,2026-07-21T23:14:37Z,IRIDIUM 33 DEB,IRIDIUM 33 DEB,2026-07-21T09:44:08Z,2026-07-21T10:23:33Z,13.508,2026-07-22T00:02:20.229304Z,47.720488400,1265.262,176.451,15.025821,855.090,581.277,273.812,-157.378,6.757,79.508,171.070,14.491813,3.281921,12.760,0.1646675281,0,0,0,33866,33960
20260721_231437,preset:leo_mixed,leo_mixed,iac26-leo-mixed-75-v1,64c3d2329281da0e246226cb552aafe3b961c553c9487d7cfd9c96374aaa1f4c,2026-07-21T23:14:37Z,staging/collection/tle/tles_20260721_231437.txt,75,2026-07-21T23:14:37Z,IRIDIUM 33 DEB,COSMOS 2251 DEB,2026-07-21T12:27:06Z,2026-07-21T11:46:43Z,11.465,2026-07-22T00:02:19.814592Z,47.713576533,2732.482,174.679,14.799177,703.972,1035.838,331.866,69.093,-28.289,157.920,160.043,14.197105,1.637354,6.579,0.1638299844,0,0,0,33777,33823
20260721_231437,preset:leo_mixed,leo_mixed,iac26-leo-mixed-75-v1,64c3d2329281da0e246226cb552aafe3b961c553c9487d7cfd9c96374aaa1f4c,2026-07-21T23:14:37Z,staging/collection/tle/tles_20260721_231437.txt,75,2026-07-21T23:14:37Z,COSMOS 2251 DEB,COSMOS 2251 DEB,2026-07-21T11:23:19Z,2026-07-21T11:05:20Z,12.155,2026-07-22T02:19:47.900816Z,185.181680267,9789.036,152.860,14.353941,790.056,634.332,155.725,-152.212,-4.074,13.459,146.417,9.931493,1.216058,6.981,0.1636532474,0,0,0,33757,33911
20260721_231437,preset:leo_mixed,leo_mixed,iac26-leo-mixed-75-v1,64c3d2329281da0e246226cb552aafe3b961c553c9487d7cfd9c96374aaa1f4c,2026-07-21T23:14:37Z,staging/collection/tle/tles_20260721_231437.txt,75,2026-07-21T23:14:37Z,NOAA 20 (JPSS-1),IRIDIUM 33 DEB,2026-07-21T14:38:30Z,2026-07-21T06:40:11Z,16.574,2026-07-22T07:57:35.755914Z,522.979265233,13089.297,108.919,13.989869,825.286,726.568,98.718,-108.745,-2.167,-5.769,138.893,-3.577368,1.851989,152.630,0.1635899527,0,0,0,43013,34071
20260721_231437,preset:leo_mixed,leo_mixed,iac26-leo-mixed-75-v1,64c3d2329281da0e246226cb552aafe3b961c553c9487d7cfd9c96374aaa1f4c,2026-07-21T23:14:37Z,staging/collection/tle/tles_20260721_231437.txt,75,2026-07-21T23:14:37Z,IRIDIUM 33 DEB,COSMOS 2251 DEB,2026-07-21T07:32:42Z,2026-07-21T07:30:18Z,15.739,2026-07-22T00:42:11.259654Z,87.570994233,8719.599,174.244,14.732612,676.007,737.232,61.224,47.188,-29.990,-165.030,159.140,11.472207,0.241605,1.206,0.1588195387,0,0,0,34077,33839
20260721_231437,preset:leo_mixed,leo_mixed,iac26-leo-mixed-75-v1,64c3d2329281da0e246226cb552aafe3b961c553c9487d7cfd9c96374aaa1f4c,2026-07-21T23:14:37Z,staging/collection/tle/tles_20260721_231437.txt,75,2026-07-21T23:14:37Z,IRIDIUM 33 DEB,COSMOS 2251 DEB,2026-07-21T10:23:33Z,2026-07-21T09:53:41Z,13.349,2026-07-22T02:30:44.004194Z,196.116736567,657.293,161.215,14.801884,581.277,740.410,159.133,159.677,-4.428,-21.771,159.533,-9.973208,10.946057,132.337,0.1586199497,0,0,0,33960,33837
20260721_231437,preset:leo_mixed,leo_mixed,iac26-leo-mixed-75-v1,64c3d2329281da0e246226cb552aafe3b961c553c9487d7cfd9c96374aaa1f4c,2026-07-21T23:14:37Z,staging/collection/tle/tles_20260721_231437.txt,75,2026-07-21T23:14:37Z,IRIDIUM 33 DEB,COSMOS 2251 DEB,2026-07-21T13:45:59Z,2026-07-21T13:18:26Z,9.936,2026-07-21T23:57:05.344129Z,42.472402150,4943.806,171.735,13.998433,537.815,663.761,125.945,147.303,-32.020,-82.275,136.744,12.990209,0.514883,2.270,0.1582156786,0,0,0,34088,33832
20260721_231437,preset:leo_mixed,leo_mixed,iac26-leo-mixed-75-v1,64c3d2329281da0e246226cb552aafe3b961c553c9487d7cfd9c96374aaa1f4c,2026-07-21T23:14:37Z,staging/collection/tle/tles_20260721_231437.txt,75,2026-07-21T23:14:37Z,IRIDIUM 33 DEB,COSMOS 2251 DEB,2026-07-21T09:44:08Z,2026-07-21T14:12:04Z,13.508,2026-07-21T23:40:00.583058Z,25.393050967,13739.451,180.300,14.496212,855.090,641.895,213.195,-83.327,42.277,154.199,149.387,0.472323,0.139432,16.447,0.1579651562,0,0,0,33866,33830
20260721_231437,preset:leo_mixed,leo_mixed,iac26-leo-mixed-75-v1,64c3d2329281da0e246226cb552aafe3b961c553c9487d7cfd9c96374aaa1f4c,2026-07-21T23:14:37Z,staging/collection/tle/tles_20260721_231437.txt,75,2026-07-21T23:14:37Z,LEGION 3,COSMOS 2251 DEB,2026-07-21T09:36:15Z,2026-07-21T02:55:33Z,20.318,2026-07-21T23:21:04.389211Z,6.456486850,3967.990,133.070,10.542237,526.228,660.163,133.935,131.633,13.748,13.827,88.458,-9.622511,0.267818,178.406,0.1577366499,0,0,0,60452,33779
20260721_231437,preset:leo_mixed,leo_mixed,iac26-leo-mixed-75-v1,64c3d2329281da0e246226cb552aafe3b961c553c9487d7cfd9c96374aaa1f4c,2026-07-21T23:14:37Z,staging/collection/tle/tles_20260721_231437.txt,75,2026-07-21T23:14:37Z,LEGION 3,COSMOS 2251 DEB,2026-07-21T09:36:15Z,2026-07-21T05:57:11Z,17.290,2026-07-21T23:51:39.783864Z,37.046397733,7337.111,163.485,13.115494,526.228,422.456,103.772,-46.356,79.963,-134.850,118.858,10.292156,0.095644,0.532,0.1563206677,0,0,0,60452,33821
20260721_231437,preset:leo_mixed,leo_mixed,iac26-leo-mixed-75-v1,64c3d2329281da0e246226cb552aafe3b961c553c9487d7cfd9c96374aaa1f4c,2026-07-21T23:14:37Z,staging/collection/tle/tles_20260721_231437.txt,75,2026-07-21T23:14:37Z,IRIDIUM 33 DEB,COSMOS 2251 DEB,2026-07-21T13:45:59Z,2026-07-21T06:34:42Z,16.665,2026-07-22T02:17:14.165011Z,182.619416850,9563.093,163.292,14.538314,537.815,711.164,173.349,161.671,6.245,-22.086,148.804,10.244080,1.311349,7.295,0.1554827635,0,0,0,34088,33912
20260721_231437,preset:leo_mixed,leo_mixed,iac26-leo-mixed-75-v1,64c3d2329281da0e246226cb552aafe3b961c553c9487d7cfd9c96374aaa1f4c,2026-07-21T23:14:37Z,staging/collection/tle/tles_20260721_231437.txt,75,2026-07-21T23:14:37Z,TIMED,IRIDIUM 33 DEB,2026-07-21T07:54:45Z,2026-07-21T12:27:06Z,15.331,2026-07-22T06:52:48.627591Z,458.193793183,12173.447,124.286,13.704193,585.995,703.972,117.977,123.425,-6.089,-13.276,130.841,-4.623588,2.466069,151.926,0.1503570347,0,0,0,26998,33777
20260721_231437,preset:leo_mixed,leo_mixed,iac26-leo-mixed-75-v1,64c3d2329281da0e246226cb552aafe3b961c553c9487d7cfd9c96374aaa1f4c,2026-07-21T23:14:37Z,staging/collection/tle/tles_20260721_231437.txt,75,2026-07-21T23:14:37Z,IRIDIUM 33 DEB,COSMOS 2251 DEB,2026-07-21T15:45:59Z,2026-07-21T09:53:41Z,13.349,2026-07-22T02:50:12.269296Z,215.587821600,9700.981,121.216,10.673096,597.791,740.410,142.619,118.827,-17.026,-16.838,90.278,-3.250518,1.974054,148.730,0.1497361649,0,0,0,34079,33837
20260721_231437,preset:leo_mixed,leo_mixed,iac26-leo-mixed-75-v1,64c3d2329281da0e246226cb552aafe3b961c553c9487d7cfd9c96374aaa1f4c,2026-07-21T23:14:37Z,staging/collection/tle/tles_20260721_231437.txt,75,2026-07-21T23:14:37Z,IRIDIUM 33 DEB,COSMOS 2251 DEB,2026-07-21T07:15:55Z,2026-07-21T10:16:28Z,15.978,2026-07-21T23:46:50.100577Z,32.218342950,5570.045,89.070,6.797784,626.142,656.934,30.792,88.899,5.008,2.306,53.844,3.291999,0.205281,3.568,0.1492238400,0,0,0,33862,33826
20260721_231437,preset:leo_mixed,leo_mixed,iac26-leo-mixed-75-v1,64c3d2329281da0e246226cb552aafe3b961c553c9487d7cfd9c96374aaa1f4c,2026-07-21T23:14:37Z,staging/collection/tle/tles_20260721_231437.txt,75,2026-07-21T23:14:37Z,SENTINEL-3A,COSMOS 2251 DEB,2026-07-21T13:55:27Z,2026-07-21T09:21:49Z,13.880,2026-07-22T08:47:25.873640Z,572.814560667,9265.714,99.157,12.215255,807.397,811.665,4.268,0.578,57.070,-81.084,109.829,-7.382809,2.090117,164.193,0.1483749606,0,0,0,41335,33822
20260721_231437,preset:leo_mixed,leo_mixed,iac26-leo-mixed-75-v1,64c3d2329281da0e246226cb552aafe3b961c553c9487d7cfd9c96374aaa1f4c,2026-07-21T23:14:37Z,staging/collection/tle/tles_20260721_231437.txt,75,2026-07-21T23:14:37Z,TERRA,IRIDIUM 33 DEB,2026-07-21T14:52:08Z,2026-07-21T06:20:42Z,16.898,2026-07-22T05:24:52.643117Z,370.260718617,4848.251,50.583,5.042932,693.915,664.721,29.194,-23.915,42.058,14.758,39.186,0.495420,1.040740,64.544,0.1481244691,0,0,0,25994,33860
20260721_231437,preset:leo_mixed,leo_mixed,iac26-leo-mixed-75-v1,64c3d2329281da0e246226cb552aafe3b961c553c9487d7cfd9c96374aaa1f4c,2026-07-21T23:14:37Z,staging/collection/tle/tles_20260721_231437.txt,75,2026-07-21T23:14:37Z,SWARM A,COSMOS 2251 DEB,2026-07-21T14:28:36Z,2026-07-21T01:41:53Z,21.546,2026-07-22T03:22:41.640056Z,248.077334267,3301.275,42.918,3.826820,423.886,524.281,100.395,40.637,13.335,3.577,28.922,-2.018453,2.281411,131.500,0.1476080032,0,0,0,39452,33765
20260721_231437,preset:leo_mixed,leo_mixed,iac26-leo-mixed-75-v1,64c3d2329281da0e246226cb552aafe3b961c553c9487d7cfd9c96374aaa1f4c,2026-07-21T23:14:37Z,staging/collection/tle/tles_20260721_231437.txt,75,2026-07-21T23:14:37Z,IRIDIUM 33 DEB,COSMOS 2251 DEB,2026-07-21T12:27:06Z,2026-07-21T09:19:05Z,13.925,2026-07-22T09:21:53.831879Z,607.280531317,7110.934,107.375,13.413034,703.972,752.519,48.547,31.986,-45.968,-91.615,126.904,-10.881020,3.612798,161.632,0.1444741003,0,0,0,33777,33819
20260721_231437,preset:leo_mixed,leo_mixed,iac26-leo-mixed-75-v1,64c3d2329281da0e246226cb552aafe3b961c553c9487d7cfd9c96374aaa1f4c,2026-07-21T23:14:37Z,staging/collection/tle/tles_20260721_231437.txt,75,2026-07-21T23:14:37Z,NOAA 21 (JPSS-2),IRIDIUM 33 DEB,2026-07-21T13:43:22Z,2026-07-21T12:27:06Z,10.792,2026-07-22T08:42:09.707015Z,567.545116917,12126.989,122.953,14.637254,835.082,703.972,131.110,-120.844,-4.662,-22.190,156.713,-7.415879,1.547992,168.209,0.1442547706,0,0,0,54234,33777
20260721_231437,preset:leo_mixed,leo_mixed,iac26-leo-mixed-75-v1,64c3d2329281da0e246226cb552aafe3b961c553c9487d7cfd9c96374aaa1f4c,2026-07-21T23:14:37Z,staging/collection/tle/tles_20260721_231437.txt,75,2026-07-21T23:14:37Z,LANDSAT 8,COSMOS 2251 DEB,2026-07-21T13:34:38Z,2026-07-21T11:46:43Z,11.465,2026-07-22T02:16:15.577486Z,181.642958100,13289.762,178.807,14.457354,710.098,1035.838,325.740,143.636,-24.668,-103.596,151.158,4.684247,0.800765,9.701,0.1413111106,0,0,0,39084,33823
20260721_231437,preset:leo_mixed,leo_mixed,iac26-leo-mixed-75-v1,64c3d2329281da0e246226cb552aafe3b961c553c9487d7cfd9c96374aaa1f4c,2026-07-21T23:14:37Z,staging/collection/tle/tles_20260721_231437.txt,75,2026-07-21T23:14:37Z,IRIDIUM 33 DEB,COSMOS 2251 DEB,2026-07-21T07:32:42Z,2026-07-21T10:36:22Z,15.699,2026-07-22T02:33:55.271786Z,199.304529767,1504.825,128.837,10.479285,676.007,777.059,101.052,101.083,56.425,56.545,88.960,-5.071429,9.222583,118.806,0.1401600520,0,0,0,34077,33764
20260721_231437,preset:leo_mixed,leo_mixed,iac26-leo-mixed-75-v1,64c3d2329281da0e246226cb552aafe3b961c553c9487d7cfd9c96374aaa1f4c,2026-07-21T23:14:37Z,staging/collection/tle/tles_20260721_231437.txt,75,2026-07-21T23:14:37Z,SENTINEL-2A,COSMOS 2251 DEB,2026-07-21T14:53:14Z,2026-07-21T11:05:20Z,12.155,2026-07-22T04:54:56.026724Z,340.317112067,5345.270,162.848,14.929974,793.067,634.332,158.736,-159.469,3.545,32.813,168.516,13.766874,1.205086,5.003,0.1400269907,0,0,0,40697,33911
20260721_231437,preset:leo_mixed,leo_mixed,iac26-leo-mixed-75-v1,64c3d2329281da0e246226cb552aafe3b961c553c9487d7cfd9c96374aaa1f4c,2026-07-21T23:14:37Z,staging/collection/tle/tles_20260721_231437.txt,75,2026-07-21T23:14:37Z,COSMOS 2251 DEB,COSMOS 2251 DEB,2026-07-21T10:37:51Z,2026-07-21T02:55:33Z,20.318,2026-07-22T04:59:15.596266Z,344.643271100,2328.173,146.978,13.355784,765.160,660.163,104.997,-146.951,1.068,-2.585,125.797,7.658182,11.002613,55.161,0.1382424786,0,0,0,33760,33779
20260721_231437,preset:leo_mixed,leo_mixed,iac26-leo-mixed-75-v1,64c3d2329281da0e246226cb552aafe3b961c553c9487d7cfd9c96374aaa1f4c,2026-07-21T23:14:37Z,staging/collection/tle/tles_20260721_231437.txt,75,2026-07-21T23:14:37Z,COSMOS 2251 DEB,COSMOS 2251 DEB,2026-07-21T15:19:10Z,2026-07-21T10:06:55Z,13.128,2026-07-22T02:48:26.572430Z,213.826207167,11748.312,180.438,14.413875,618.569,728.945,110.376,59.616,49.864,162.842,145.775,-7.156775,1.277272,169.881,0.1360416288,0,0,0,33836,33915
20260721_231437,preset:leo_mixed,leo_mixed,iac26-leo-mixed-75-v1,64c3d2329281da0e246226cb552aafe3b961c553c9487d7cfd9c96374aaa1f4c,2026-07-21T23:14:37Z,staging/collection/tle/tles_20260721_231437.txt,75,2026-07-21T23:14:37Z,IRIDIUM 33 DEB,COSMOS 2251 DEB,2026-07-21T08:38:42Z,2026-07-21T09:08:37Z,14.598,2026-07-22T10:43:07.571262Z,688.509521033,7629.040,107.303,13.889159,761.217,757.316,3.900,-10.813,-39.153,-99.318,136.808,11.329485,0.354272,1.791,0.1350997390,0,0,0,33773,33828
20260721_231437,preset:leo_mixed,leo_mixed,iac26-leo-mixed-75-v1,64c3d2329281da0e246226cb552aafe3b961c553c9487d7cfd9c96374aaa1f4c,2026-07-21T23:14:37Z,staging/collection/tle/tles_20260721_231437.txt,75,2026-07-21T23:14:37Z,IRIDIUM 33 DEB,COSMOS 2251 DEB,2026-07-21T10:23:33Z,2026-07-21T08:13:15Z,15.023,2026-07-21T23:53:00.777438Z,38.396290633,7638.755,199.286,13.625567,581.277,673.599,92.321,11.541,-86.311,179.254,128.510,10.790996,0.234043,1.242,0.1330977418,0,0,0,33960,33825
20260721_231437,preset:leo_mixed,leo_mixed,iac26-leo-mixed-75-v1,64c3d2329281da0e246226cb552aafe3b961c553c9487d7cfd9c96374aaa1f4c,2026-07-21T23:14:37Z,staging/collection/tle/tles_20260721_231437.txt,75,2026-07-21T23:14:37Z,COSMOS 2251 DEB,COSMOS 2251 DEB,2026-07-21T11:23:19Z,2026-07-21T10:16:28Z,12.969,2026-07-22T10:25:52.972248Z,671.266204133,8814.841,69.543,8.572233,790.056,656.934,133.122,-69.531,1.287,-0.121,69.972,-1.278408,3.800908,108.590,0.1316090614,0,0,0,33757,33826
20260721_231437,preset:leo_mixed,leo_mixed,iac26-leo-mixed-75-v1,64c3d2329281da0e246226cb552aafe3b961c553c9487d7cfd9c96374aaa1f4c,2026-07-21T23:14:37Z,staging/collection/tle/tles_20260721_231437.txt,75,2026-07-21T23:14:37Z,LEGION 3,IRIDIUM 33 DEB,2026-07-21T09:36:15Z,2026-07-21T06:20:42Z,16.898,2026-07-22T00:13:55.461837Z,59.307697283,6189.656,147.833,10.129977,526.228,664.721,138.493,145.642,-18.674,-17.153,84.015,-7.558803,0.881474,173.348,0.1314021651,0,0,0,60452,33860
20260721_231437,preset:leo_mixed,leo_mixed,iac26-leo-mixed-75-v1,64c3d2329281da0e246226cb552aafe3b961c553c9487d7cfd9c96374aaa1f4c,2026-07-21T23:14:37Z,staging/collection/tle/tles_20260721_231437.txt,75,2026-07-21T23:14:37Z,IRIDIUM 33 DEB,COSMOS 2251 DEB,2026-07-21T14:46:58Z,2026-07-21T15:19:10Z,8.461,2026-07-22T07:27:03.972397Z,492.449539950,2594.520,137.100,13.669366,737.886,618.569,119.317,-118.200,-29.346,62.960,131.080,0.165504,13.928198,89.319,0.1312143350,0,0,0,33775,33836
20260721_231437,preset:leo_mixed,leo_mixed,iac26-leo-mixed-75-v1,64c3d2329281da0e246226cb552aafe3b961c553c9487d7cfd9c96374aaa1f4c,2026-07-21T23:14:37Z,staging/collection/tle/tles_20260721_231437.txt,75,2026-07-21T23:14:37Z,COSMOS 2251 DEB,COSMOS 2251 DEB,2026-07-21T09:19:05Z,2026-07-21T09:53:41Z,13.925,2026-07-22T10:37:47.886772Z,683.181446200,11623.678,114.341,14.264909,752.519,740.410,12.109,-75.974,-24.785,-81.778,146.860,7.521726,1.453018,10.934,0.1311371410,0,0,0,33819,33837
20260721_231437,preset:leo_mixed,leo_mixed,iac26-leo-mixed-75-v1,64c3d2329281da0e246226cb552aafe3b961c553c9487d7cfd9c96374aaa1f4c,2026-07-21T23:14:37Z,staging/collection/tle/tles_20260721_231437.txt,75,2026-07-21T23:14:37Z,NOAA 21 (JPSS-2),IRIDIUM 33 DEB,2026-07-21T13:43:22Z,2026-07-21T07:32:42Z,15.699,2026-07-22T06:03:45.335938Z,409.138932300,8370.695,165.506,14.890541,835.082,676.007,159.074,-165.425,-0.352,5.160,170.703,-12.029247,0.883806,175.798,0.1288144899,0,0,0,54234,34077
20260721_231437,preset:leo_mixed,leo_mixed,iac26-leo-mixed-75-v1,64c3d2329281da0e246226cb552aafe3b961c553c9487d7cfd9c96374aaa1f4c,2026-07-21T23:14:37Z,staging/collection/tle/tles_20260721_231437.txt,75,2026-07-21T23:14:37Z,IRIDIUM 33 DEB,COSMOS 2251 DEB,2026-07-21T08:38:42Z,2026-07-21T11:05:20Z,14.598,2026-07-22T00:57:46.677114Z,103.161285233,3609.134,187.315,12.949335,761.217,634.332,126.885,-131.220,-68.121,115.012,119.477,-12.166605,2.528239,168.261,0.1283576881,0,0,0,33773,33911
20260721_231437,preset:leo_mixed,leo_mixed,iac26-leo-mixed-75-v1,64c3d2329281da0e246226cb552aafe3b961c553c9487d7cfd9c96374aaa1f4c,2026-07-21T23:14:37Z,staging/collection/tle/tles_20260721_231437.txt,75,2026-07-21T23:14:37Z,COSMOS 2251 DEB,COSMOS 2251 DEB,2026-07-21T10:36:22Z,2026-07-21T02:55:33Z,20.318,2026-07-22T06:35:17.098578Z,440.668309633,3970.118,138.945,12.768159,777.059,660.163,116.897,-119.538,37.471,-60.103,116.365,9.556837,8.138484,40.417,0.1275448998,0,0,0,33764,33779
20260721_231437,preset:leo_mixed,leo_mixed,iac26-leo-mixed-75-v1,64c3d2329281da0e246226cb552aafe3b961c553c9487d7cfd9c96374aaa1f4c,2026-07-21T23:14:37Z,staging/collection/tle/tles_20260721_231437.txt,75,2026-07-21T23:14:37Z,SWARM B,COSMOS 2251 DEB,2026-07-21T15:10:59Z,2026-07-21T07:30:18Z,15.739,2026-07-22T08:20:01.436798Z,545.407279967,12021.593,145.790,14.928570,474.405,737.232,262.826,138.439,-8.006,45.001,158.692,-7.360680,2.143861,163.761,0.1272283915,0,0,0,39451,33839
20260721_231437,preset:leo_mixed,leo_mixed,iac26-leo-mixed-75-v1,64c3d2329281da0e246226cb552aafe3b961c553c9487d7cfd9c96374aaa1f4c,2026-07-21T23:14:37Z,staging/collection/tle/tles_20260721_231437.txt,75,2026-07-21T23:14:37Z,SENTINEL-3A,COSMOS 2251 DEB,2026-07-21T13:55:27Z,2026-07-21T00:19:34Z,22.917,2026-07-22T05:33:09.779022Z,378.546317033,12397.372,158.680,13.444965,807.397,691.065,116.332,-143.807,29.764,60.109,127.467,3.925158,2.034678,27.401,0.1249125713,0,0,0,41335,33835
20260721_231437,preset:leo_mixed,leo_mixed,iac26-leo-mixed-75-v1,64c3d2329281da0e246226cb552aafe3b961c553c9487d7cfd9c96374aaa1f4c,2026-07-21T23:14:37Z,staging/collection/tle/tles_20260721_231437.txt,75,2026-07-21T23:14:37Z,NOAA 21 (JPSS-2),IRIDIUM 33 DEB,2026-07-21T13:43:22Z,2026-07-21T07:21:48Z,15.880,2026-07-22T11:03:33.350258Z,708.939170967,6656.140,121.267,14.893455,835.082,722.217,112.865,-120.518,-0.671,13.442,173.381,-13.141586,1.099747,175.216,0.1247024178,0,0,0,54234,33953
20260721_231437,preset:leo_mixed,leo_mixed,iac26-leo-mixed-75-v1,64c3d2329281da0e246226cb552aafe3b961c553c9487d7cfd9c96374aaa1f4c,2026-07-21T23:14:37Z,staging/collection/tle/tles_20260721_231437.txt,75,2026-07-21T23:14:37Z,IRIDIUM 33 DEB,COSMOS 2251 DEB,2026-07-21T05:19:56Z,2026-07-21T01:41:53Z,21.546,2026-07-22T03:58:07.356414Z,283.505940233,4849.700,178.960,13.811664,680.867,524.281,156.586,-157.379,34.638,-77.839,132.679,11.883281,5.613149,25.284,0.1239655330,0,0,0,34521,33765
20260721_231437,preset:leo_mixed,leo_mixed,iac26-leo-mixed-75-v1,64c3d2329281da0e246226cb552aafe3b961c553c9487d7cfd9c96374aaa1f4c,2026-07-21T23:14:37Z,staging/collection/tle/tles_20260721_231437.txt,75,2026-07-21T23:14:37Z,CYGFM05,COSMOS 2251 DEB,2026-07-21T14:26:08Z,2026-07-21T01:41:53Z,21.546,2026-07-22T01:25:55.478083Z,131.307968050,3501.252,95.258,6.430544,398.386,524.281,125.895,93.233,-17.776,-8.102,49.661,4.792559,2.624267,28.704,0.1227018421,0,0,0,41884,33765
20260721_231437,preset:leo_mixed,leo_mixed,iac26-leo-mixed-75-v1,64c3d2329281da0e246226cb552aafe3b961c553c9487d7cfd9c96374aaa1f4c,2026-07-21T23:14:37Z,staging/collection/tle/tles_20260721_231437.txt,75,2026-07-21T23:14:37Z,NOAA 15,COSMOS 2251 DEB,2026-07-21T14:37:48Z,2026-07-21T05:13:49Z,18.013,2026-07-22T04:26:41.343243Z,312.072387383,3951.443,151.582,11.810839,803.936,904.460,100.524,150.679,7.210,-14.871,105.485,-6.193899,10.496162,120.545,0.1220620803,0,0,0,25338,33917
20260721_231437,preset:leo_mixed,leo_mixed,iac26-leo-mixed-75-v1,64c3d2329281da0e246226cb552aafe3b961c553c9487d7cfd9c96374aaa1f4c,2026-07-21T23:14:37Z,staging/collection/tle/tles_20260721_231437.txt,75,2026-07-21T23:14:37Z,NOAA 20 (JPSS-1),COSMOS 2251 DEB,2026-07-21T14:38:30Z,2026-07-21T09:44:08Z,13.508,2026-07-22T01:56:07.119036Z,161.501983933,3944.788,100.983,6.866337,825.286,812.823,12.463,-99.334,-16.366,-7.902,54.773,-5.407427,1.275823,166.724,0.1207387048,0,0,0,43013,33766
20260721_231437,preset:leo_mixed,leo_mixed,iac26-leo-mixed-75-v1,64c3d2329281da0e246226cb552aafe3b961c553c9487d7cfd9c96374aaa1f4c,2026-07-21T23:14:37Z,staging/collection/tle/tles_20260721_231437.txt,75,2026-07-21T23:14:37Z,COSMOS 2251 DEB,COSMOS 2251 DEB,2026-07-21T06:44:37Z,2026-07-21T13:00:47Z,16.500,2026-07-22T02:16:21.515589Z,181.741926483,12925.037,189.777,13.025001,781.216,1246.788,465.572,179.767,-25.862,55.049,122.498,1.762843,1.612121,42.443,0.1199420597,0,0,0,33762,33916
20260721_231437,preset:leo_mixed,leo_mixed,iac26-leo-mixed-75-v1,64c3d2329281da0e246226cb552aafe3b961c553c9487d7cfd9c96374aaa1f4c,2026-07-21T23:14:37Z,staging/collection/tle/tles_20260721_231437.txt,75,2026-07-21T23:14:37Z,IRIDIUM 33 DEB,IRIDIUM 33 DEB,2026-07-21T09:18:30Z,2026-07-21T10:23:33Z,13.935,2026-07-22T04:41:07.082013Z,326.501366883,12499.440,191.551,14.829396,753.495,581.277,172.217,-174.356,-12.280,-78.366,162.010,6.608146,1.120427,9.623,0.1197279231,0,0,0,33776,33960
20260721_231437,preset:leo_mixed,leo_mixed,iac26-leo-mixed-75-v1,64c3d2329281da0e246226cb552aafe3b961c553c9487d7cfd9c96374aaa1f4c,2026-07-21T23:14:37Z,staging/collection/tle/tles_20260721_231437.txt,75,2026-07-21T23:14:37Z,SENTINEL-5P,CRYOSAT 2,2026-07-21T05:55:02Z,2026-07-21T14:39:09Z,17.326,2026-07-22T09:20:16.859302Z,605.664321700,3532.977,136.079,14.003831,818.657,711.233,107.424,-108.733,28.721,76.613,139.256,-11.355765,7.904446,145.159,0.1192517641,0,0,0,42969,36508
20260721_231437,preset:leo_mixed,leo_mixed,iac26-leo-mixed-75-v1,64c3d2329281da0e246226cb552aafe3b961c553c9487d7cfd9c96374aaa1f4c,2026-07-21T23:14:37Z,staging/collection/tle/tles_20260721_231437.txt,75,2026-07-21T23:14:37Z,SENTINEL-2A,COSMOS 2251 DEB,2026-07-21T14:53:14Z,2026-07-21T10:16:28Z,12.969,2026-07-22T01:27:28.966871Z,132.866114517,7877.889,144.520,9.448874,793.067,656.934,136.133,-49.927,105.211,85.580,78.518,4.644013,0.950579,11.568,0.1186968381,0,0,0,40697,33826
20260721_231437,preset:leo_mixed,leo_mixed,iac26-leo-mixed-75-v1,64c3d2329281da0e246226cb552aafe3b961c553c9487d7cfd9c96374aaa1f4c,2026-07-21T23:14:37Z,staging/collection/tle/tles_20260721_231437.txt,75,2026-07-21T23:14:37Z,CYGFM05,IRIDIUM 33 DEB,2026-07-21T14:26:08Z,2026-07-21T10:23:33Z,12.851,2026-07-22T01:50:48.863716Z,156.197728600,9868.378,196.318,13.053558,398.386,581.277,182.891,194.796,-12.633,-20.875,117.693,-7.185533,1.964918,164.706,0.1185588645,0,0,0,41884,33960
20260721_231437,preset:leo_mixed,leo_mixed,iac26-leo-mixed-75-v1,64c3d2329281da0e246226cb552aafe3b961c553c9487d7cfd9c96374aaa1f4c,2026-07-21T23:14:37Z,staging/collection/tle/tles_20260721_231437.txt,75,2026-07-21T23:14:37Z,LANDSAT 9,COSMOS 2251 DEB,2026-07-21T04:30:57Z,2026-07-21T08:13:15Z,18.728,2026-07-22T07:26:05.811147Z,491.480185783,2285.835,70.234,6.173668,697.641,673.599,24.043,-30.519,-57.684,-25.962,48.553,0.359397,6.696243,86.928,0.1158001020,0,0,0,49260,33825
20260721_231437,preset:leo_mixed,leo_mixed,iac26-leo-mixed-75-v1,64c3d2329281da0e246226cb552aafe3b961c553c9487d7cfd9c96374aaa1f4c,2026-07-21T23:14:37Z,staging/collection/tle/tles_20260721_231437.txt,75,2026-07-21T23:14:37Z,CYGFM02,COSMOS 2251 DEB,2026-07-21T13:59:01Z,2026-07-21T05:57:11Z,17.290,2026-07-22T08:34:25.942214Z,559.815703567,4414.413,69.526,6.555992,368.292,422.456,54.164,58.381,-33.903,-16.615,50.524,-2.093006,7.546216,105.502,0.1152742656,0,0,0,41886,33821
20260721_231437,preset:leo_mixed,leo_mixed,iac26-leo-mixed-75-v1,64c3d2329281da0e246226cb552aafe3b961c553c9487d7cfd9c96374aaa1f4c,2026-07-21T23:14:37Z,staging/collection/tle/tles_20260721_231437.txt,75,2026-07-21T23:14:37Z,TERRA,TIMED,2026-07-21T14:52:08Z,2026-07-21T07:54:45Z,15.331,2026-07-22T00:20:06.057527Z,65.484292117,8633.213,174.788,10.537952,693.915,585.995,107.921,-106.579,100.184,-95.683,88.634,-4.975944,0.382120,175.609,0.1150961976,0,0,0,25994,26998
20260721_231437,preset:leo_mixed,leo_mixed,iac26-leo-mixed-75-v1,64c3d2329281da0e246226cb552aafe3b961c553c9487d7cfd9c96374aaa1f4c,2026-07-21T23:14:37Z,staging/collection/tle/tles_20260721_231437.txt,75,2026-07-21T23:14:37Z,COSMOS 2251 DEB,COSMOS 2251 DEB,2026-07-21T08:13:15Z,2026-07-21T05:13:49Z,18.013,2026-07-22T06:46:05.555936Z,451.475932267,4717.569,171.298,14.317153,673.599,904.460,230.862,149.999,26.457,-78.379,144.109,8.438820,11.621122,54.014,0.1147517344,0,0,0,33825,33917
20260721_231437,preset:leo_mixed,leo_mixed,iac26-leo-mixed-75-v1,64c3d2329281da0e246226cb552aafe3b961c553c9487d7cfd9c96374aaa1f4c,2026-07-21T23:14:37Z,staging/collection/tle/tles_20260721_231437.txt,75,2026-07-21T23:14:37Z,COSMOS 2251 DEB,COSMOS 2251 DEB,2026-07-21T06:44:37Z,2026-07-21T07:30:18Z,16.500,2026-07-22T10:21:58.552986Z,667.359216433,12296.502,121.809,12.722476,781.216,737.232,43.985,-81.926,47.327,76.718,116.571,-2.650223,3.488409,127.225,0.1120823009,0,0,0,33762,33839
20260721_231437,preset:leo_mixed,leo_mixed,iac26-leo-mixed-75-v1,64c3d2329281da0e246226cb552aafe3b961c553c9487d7cfd9c96374aaa1f4c,2026-07-21T23:14:37Z,staging/collection/tle/tles_20260721_231437.txt,75,2026-07-21T23:14:37Z,COSMOS 2251 DEB,COSMOS 2251 DEB,2026-07-21T10:36:22Z,2026-07-21T11:46:43Z,12.637,2026-07-22T07:27:29.525644Z,492.875427400,9356.080,130.840,11.146255,777.059,1035.838,258.779,105.819,51.413,57.255,97.103,6.243419,5.190381,39.738,0.1120634550,0,0,0,33764,33823
20260721_231437,preset:leo_mixed,leo_mixed,iac26-leo-mixed-75-v1,64c3d2329281da0e246226cb552aafe3b961c553c9487d7cfd9c96374aaa1f4c,2026-07-21T23:14:37Z,staging/collection/tle/tles_20260721_231437.txt,75,2026-07-21T23:14:37Z,IRIDIUM 33 DEB,COSMOS 2251 DEB,2026-07-21T14:46:58Z,2026-07-21T12:58:02Z,10.276,2026-07-22T04:59:20.888789Z,344.731479817,2081.718,127.957,9.419349,737.886,687.224,50.662,-73.324,81.982,65.389,78.021,6.187413,7.105094,48.949,0.1119808139,0,0,0,33775,33920
20260721_231437,preset:leo_mixed,leo_mixed,iac26-leo-mixed-75-v1,64c3d2329281da0e246226cb552aafe3b961c553c9487d7cfd9c96374aaa1f4c,2026-07-21T23:14:37Z,staging/collection/tle/tles_20260721_231437.txt,75,2026-07-21T23:14:37Z,IRIDIUM 33 DEB,COSMOS 2251 DEB,2026-07-21T06:20:42Z,2026-07-21T11:46:43Z,16.898,2026-07-22T05:04:39.340346Z,350.039005767,2203.326,199.780,14.702922,664.721,1035.838,371.117,162.155,-24.151,114.170,156.874,10.267578,10.208720,44.835,0.1114112801,0,0,0,33860,33823
20260721_231437,preset:leo_mixed,leo_mixed,iac26-leo-mixed-75-v1,64c3d2329281da0e246226cb552aafe3b961c553c9487d7cfd9c96374aaa1f4c,2026-07-21T23:14:37Z,staging/collection/tle/tles_20260721_231437.txt,75,2026-07-21T23:14:37Z,TIMED,IRIDIUM 33 DEB,2026-07-21T07:54:45Z,2026-07-21T09:44:08Z,15.331,2026-07-22T08:09:39.713349Z,535.045222483,6592.388,166.536,14.755798,585.995,855.090,269.095,146.691,16.548,-77.085,155.437,12.297255,4.910539,21.768,0.1113651846,0,0,0,26998,33866
20260721_231437,preset:leo_mixed,leo_mixed,iac26-leo-mixed-75-v1,64c3d2329281da0e246226cb552aafe3b961c553c9487d7cfd9c96374aaa1f4c,2026-07-21T23:14:37Z,staging/collection/tle/tles_20260721_231437.txt,75,2026-07-21T23:14:37Z,SENTINEL-5P,IRIDIUM 33 DEB,2026-07-21T05:55:02Z,2026-07-21T14:46:58Z,17.326,2026-07-22T10:59:50.905469Z,705.231757817,663.023,137.445,14.852625,818.657,737.886,80.771,-84.255,-10.932,-108.041,168.381,-6.207253,13.509179,114.678,0.1102786999,0,0,0,42969,33775
20260721_231437,preset:leo_mixed,leo_mixed,iac26-leo-mixed-75-v1,64c3d2329281da0e246226cb552aafe3b961c553c9487d7cfd9c96374aaa1f4c,2026-07-21T23:14:37Z,staging/collection/tle/tles_20260721_231437.txt,75,2026-07-21T23:14:37Z,TIMED,IRIDIUM 33,2026-07-21T07:54:45Z,2026-07-21T07:36:32Z,15.635,2026-07-22T05:28:31.535101Z,373.908918350,13165.909,198.618,14.766504,585.995,767.845,181.850,197.320,-4.305,-22.261,158.448,4.760844,1.367537,16.027,0.1100831199,0,0,0,26998,24946
20260721_231437,preset:leo_mixed,leo_mixed,iac26-leo-mixed-75-v1,64c3d2329281da0e246226cb552aafe3b961c553c9487d7cfd9c96374aaa1f4c,2026-07-21T23:14:37Z,staging/collection/tle/tles_20260721_231437.txt,75,2026-07-21T23:14:37Z,CYGFM02,SWARM B,2026-07-21T13:59:01Z,2026-07-21T15:10:59Z,9.260,2026-07-22T02:07:45.195893Z,173.136598217,5168.801,112.624,7.012350,368.292,474.405,106.114,112.534,3.895,2.255,54.528,4.110598,2.747893,33.762,0.1095548903,0,0,0,41886,39451
20260721_231437,preset:leo_mixed,leo_mixed,iac26-leo-mixed-75-v1,64c3d2329281da0e246226cb552aafe3b961c553c9487d7cfd9c96374aaa1f4c,2026-07-21T23:14:37Z,staging/collection/tle/tles_20260721_231437.txt,75,2026-07-21T23:14:37Z,IRIDIUM 33 DEB,IRIDIUM 33 DEB,2026-07-21T06:20:42Z,2026-07-21T10:23:33Z,16.898,2026-07-22T11:01:56.492973Z,707.324882883,11360.762,112.845,11.907694,664.721,581.277,83.444,-70.858,-54.033,-69.236,104.453,1.989460,3.531352,60.604,0.1073802787,0,0,0,33860,33960
20260721_231437,preset:leo_mixed,leo_mixed,iac26-leo-mixed-75-v1,64c3d2329281da0e246226cb552aafe3b961c553c9487d7cfd9c96374aaa1f4c,2026-07-21T23:14:37Z,staging/collection/tle/tles_20260721_231437.txt,75,2026-07-21T23:14:37Z,SENTINEL-2A,COSMOS 2251 DEB,2026-07-21T14:53:14Z,2026-07-21T14:12:04Z,9.042,2026-07-22T05:30:26.353389Z,375.822556483,12224.379,182.070,13.203513,793.067,641.895,151.172,-178.840,16.076,30.125,123.449,3.631669,2.891365,38.525,0.1071846524,0,0,0,40697,33830
20260721_231437,preset:leo_mixed,leo_mixed,iac26-leo-mixed-75-v1,64c3d2329281da0e246226cb552aafe3b961c553c9487d7cfd9c96374aaa1f4c,2026-07-21T23:14:37Z,staging/collection/tle/tles_20260721_231437.txt,75,2026-07-21T23:14:37Z,AQUA,IRIDIUM 33 DEB,2026-07-21T14:39:49Z,2026-07-21T13:45:59Z,9.477,2026-07-22T08:04:31.576531Z,529.909608850,4822.357,150.216,12.670881,681.716,537.815,143.901,-136.455,-34.488,52.494,114.514,7.740852,10.374681,53.272,0.1066207939,0,0,0,27424,34088
20260721_231437,preset:leo_mixed,leo_mixed,iac26-leo-mixed-75-v1,64c3d2329281da0e246226cb552aafe3b961c553c9487d7cfd9c96374aaa1f4c,2026-07-21T23:14:37Z,staging/collection/tle/tles_20260721_231437.txt,75,2026-07-21T23:14:37Z,SENTINEL-3A,SWOT,2026-07-21T13:55:27Z,2026-07-21T15:26:41Z,9.319,2026-07-22T01:21:16.346983Z,126.655783050,9383.037,164.223,9.589177,807.397,897.963,90.566,88.341,-104.690,90.583,80.578,-0.482341,0.680622,125.324,0.1065104366,0,0,0,41335,54754
20260721_231437,preset:leo_mixed,leo_mixed,iac26-leo-mixed-75-v1,64c3d2329281da0e246226cb552aafe3b961c553c9487d7cfd9c96374aaa1f4c,2026-07-21T23:14:37Z,staging/collection/tle/tles_20260721_231437.txt,75,2026-07-21T23:14:37Z,TIMED,COSMOS 2251 DEB,2026-07-21T07:54:45Z,2026-07-21T09:53:41Z,15.331,2026-07-22T08:06:43.834212Z,532.113903533,5170.819,171.668,14.402401,585.995,740.410,154.415,115.914,-37.278,121.013,145.238,12.399066,5.495876,23.905,0.1057899524,0,0,0,26998,33837
20260721_231437,preset:leo_mixed,leo_mixed,iac26-leo-mixed-75-v1,64c3d2329281da0e246226cb552aafe3b961c553c9487d7cfd9c96374aaa1f4c,2026-07-21T23:14:37Z,staging/collection/tle/tles_20260721_231437.txt,75,2026-07-21T23:14:37Z,NOAA 20 (JPSS-1),IRIDIUM 33 DEB,2026-07-21T14:38:30Z,2026-07-21T05:19:56Z,17.911,2026-07-22T09:38:15.482110Z,623.641368500,13957.614,156.837,14.447986,825.286,680.867,144.419,-152.632,-9.492,-34.803,149.916,-0.478944,2.288525,101.820,0.1044498089,0,0,0,43013,34521
20260721_231437,preset:leo_mixed,leo_mixed,iac26-leo-mixed-75-v1,64c3d2329281da0e246226cb552aafe3b961c553c9487d7cfd9c96374aaa1f4c,2026-07-21T23:14:37Z,staging/collection/tle/tles_20260721_231437.txt,75,2026-07-21T23:14:37Z,NOAA 15,COSMOS 2251 DEB,2026-07-21T14:37:48Z,2026-07-21T07:30:18Z,15.739,2026-07-22T05:16:24.344748Z,361.789079133,7779.079,146.753,10.115288,803.936,737.232,66.705,-146.330,-8.842,-6.768,84.955,-6.165277,4.318181,144.992,0.1032196006,0,0,0,25338,33839
20260721_231437,preset:leo_mixed,leo_mixed,iac26-leo-mixed-75-v1,64c3d2329281da0e246226cb552aafe3b961c553c9487d7cfd9c96374aaa1f4c,2026-07-21T23:14:37Z,staging/collection/tle/tles_20260721_231437.txt,75,2026-07-21T23:14:37Z,NOAA 21 (JPSS-2),IRIDIUM 33 DEB,2026-07-21T13:43:22Z,2026-07-21T06:20:42Z,16.898,2026-07-22T07:01:21.032492Z,466.733874867,12553.915,189.930,14.356699,835.082,664.721,170.360,-162.384,28.182,94.396,147.201,-6.001133,2.156034,160.238,0.1021787952,0,0,0,54234,33860
20260721_231437,preset:leo_mixed,leo_mixed,iac26-leo-mixed-75-v1,64c3d2329281da0e246226cb552aafe3b961c553c9487d7cfd9c96374aaa1f4c,2026-07-21T23:14:37Z,staging/collection/tle/tles_20260721_231437.txt,75,2026-07-21T23:14:37Z,AQUA,COSMOS 2251 DEB,2026-07-21T14:39:49Z,2026-07-21T13:18:26Z,9.936,2026-07-22T00:29:01.778800Z,74.412980000,4305.465,85.880,4.603050,681.716,663.761,17.955,-7.196,81.553,-25.938,35.648,0.130512,0.090789,34.824,0.1016574956,0,0,0,27424,33832
20260721_231437,preset:leo_mixed,leo_mixed,iac26-leo-mixed-75-v1,64c3d2329281da0e246226cb552aafe3b961c553c9487d7cfd9c96374aaa1f4c,2026-07-21T23:14:37Z,staging/collection/tle/tles_20260721_231437.txt,75,2026-07-21T23:14:37Z,TERRA,IRIDIUM 33 DEB,2026-07-21T14:52:08Z,2026-07-21T10:23:33Z,12.851,2026-07-22T06:57:11.149176Z,462.569152933,8708.304,112.977,8.451856,693.915,581.277,112.638,-107.617,28.797,-18.791,68.144,-0.328876,4.141125,94.541,0.1015583902,0,0,0,25994,33960
20260721_231437,preset:leo_mixed,leo_mixed,iac26-leo-mixed-75-v1,64c3d2329281da0e246226cb552aafe3b961c553c9487d7cfd9c96374aaa1f4c,2026-07-21T23:14:37Z,staging/collection/tle/tles_20260721_231437.txt,75,2026-07-21T23:14:37Z,COSMOS 2251 DEB,COSMOS 2251 DEB,2026-07-21T10:10:46Z,2026-07-21T10:16:28Z,13.064,2026-07-22T11:04:45.412228Z,710.140203800,10396.633,140.315,13.992649,753.472,656.934,96.538,-70.637,-44.577,-112.745,137.469,-8.679624,1.399382,170.841,0.1010887849,0,0,0,33761,33826
20260721_231437,preset:leo_mixed,leo_mixed,iac26-leo-mixed-75-v1,64c3d2329281da0e246226cb552aafe3b961c553c9487d7cfd9c96374aaa1f4c,2026-07-21T23:14:37Z,staging/collection/tle/tles_20260721_231437.txt,75,2026-07-21T23:14:37Z,COSMOS 2251 DEB,COSMOS 2251 DEB,2026-07-21T14:38:49Z,2026-07-21T04:27:15Z,18.789,2026-07-22T10:50:47.615236Z,696.176920600,980.668,76.527,7.457695,719.175,744.156,24.981,23.342,62.971,36.692,59.835,-4.042574,6.302830,122.676,0.1006760353,0,0,0,33758,33838
20260721_231437,preset:leo_mixed,leo_mixed,iac26-leo-mixed-75-v1,64c3d2329281da0e246226cb552aafe3b961c553c9487d7cfd9c96374aaa1f4c,2026-07-21T23:14:37Z,staging/collection/tle/tles_20260721_231437.txt,75,2026-07-21T23:14:37Z,TERRA,COSMOS 2251 DEB,2026-07-21T14:52:08Z,2026-07-21T09:21:49Z,13.880,2026-07-22T01:58:48.590367Z,164.193172783,7821.054,189.144,10.685629,693.915,811.665,117.750,122.546,98.818,-104.847,91.001,-6.835622,2.764904,157.977,0.1001061666,0,0,0,25994,33822
20260721_231437,preset:leo_mixed,leo_mixed,iac26-leo-mixed-75-v1,64c3d2329281da0e246226cb552aafe3b961c553c9487d7cfd9c96374aaa1f4c,2026-07-21T23:14:37Z,staging/collection/tle/tles_20260721_231437.txt,75,2026-07-21T23:14:37Z,ISS (ZARYA),IRIDIUM 33 DEB,2026-07-21T04:27:10Z,2026-07-21T15:45:59Z,18.791,2026-07-22T06:33:25.299873Z,438.804997883,9538.072,188.655,13.466050,414.226,597.791,183.565,182.104,22.551,-43.822,124.554,-8.572929,5.039816,149.550,0.0992562176,0,0,0,25544,34079
20260721_231437,preset:leo_mixed,leo_mixed,iac26-leo-mixed-75-v1,64c3d2329281da0e246226cb552aafe3b961c553c9487d7cfd9c96374aaa1f4c,2026-07-21T23:14:37Z,staging/collection/tle/tles_20260721_231437.txt,75,2026-07-21T23:14:37Z,LEGION 3,IRIDIUM 33 DEB,2026-07-21T09:36:15Z,2026-07-21T12:27:06Z,13.639,2026-07-22T01:50:37.089313Z,156.001488550,6674.264,196.766,10.795311,526.228,703.972,177.744,191.021,32.113,34.588,91.193,-7.936347,3.248003,157.743,0.0978402850,0,0,0,60452,33777
20260721_231437,preset:leo_mixed,leo_mixed,iac26-leo-mixed-75-v1,64c3d2329281da0e246226cb552aafe3b961c553c9487d7cfd9c96374aaa1f4c,2026-07-21T23:14:37Z,staging/collection/tle/tles_20260721_231437.txt,75,2026-07-21T23:14:37Z,IRIDIUM 33 DEB,IRIDIUM 33 DEB,2026-07-21T12:27:06Z,2026-07-21T10:23:33Z,12.851,2026-07-22T09:26:09.614717Z,611.543578617,12281.145,150.660,12.630877,703.972,581.277,122.694,-115.315,53.457,80.891,114.229,1.036647,3.873798,75.018,0.0964655364,0,0,0,33777,33960
20260721_231437,preset:leo_mixed,leo_mixed,iac26-leo-mixed-75-v1,64c3d2329281da0e246226cb552aafe3b961c553c9487d7cfd9c96374aaa1f4c,2026-07-21T23:14:37Z,staging/collection/tle/tles_20260721_231437.txt,75,2026-07-21T23:14:37Z,LANDSAT 8,COSMOS 2251 DEB,2026-07-21T13:34:38Z,2026-07-21T05:13:49Z,18.013,2026-07-22T08:01:59.840608Z,527.380676800,12734.602,192.174,14.575827,710.098,904.460,194.362,185.036,-14.109,49.935,153.660,-6.695411,3.306833,153.715,0.0961379483,0,0,0,39084,33917
20260721_231437,preset:leo_mixed,leo_mixed,iac26-leo-mixed-75-v1,64c3d2329281da0e246226cb552aafe3b961c553c9487d7cfd9c96374aaa1f4c,2026-07-21T23:14:37Z,staging/collection/tle/tles_20260721_231437.txt,75,2026-07-21T23:14:37Z,NOAA 20 (JPSS-1),IRIDIUM 33 DEB,2026-07-21T14:38:30Z,2026-07-21T07:15:55Z,15.978,2026-07-22T07:55:13.051625Z,520.600860417,13887.127,198.178,14.664855,825.286,626.142,199.144,-181.849,16.022,77.126,156.511,-2.020802,1.697323,139.972,0.0944919916,0,0,0,43013,33862
20260721_231437,preset:leo_mixed,leo_mixed,iac26-leo-mixed-75-v1,64c3d2329281da0e246226cb552aafe3b961c553c9487d7cfd9c96374aaa1f4c,2026-07-21T23:14:37Z,staging/collection/tle/tles_20260721_231437.txt,75,2026-07-21T23:14:37Z,NOAA 15,COSMOS 2251 DEB,2026-07-21T14:37:48Z,2026-07-21T10:16:28Z,12.969,2026-07-22T10:28:10.731266Z,673.562187767,13094.680,152.427,13.527712,803.936,656.934,147.003,-101.826,-48.291,102.633,129.701,-1.303499,2.503627,117.503,0.0944726338,0,0,0,25338,33826
20260721_231437,preset:leo_mixed,leo_mixed,iac26-leo-mixed-75-v1,64c3d2329281da0e246226cb552aafe3b961c553c9487d7cfd9c96374aaa1f4c,2026-07-21T23:14:37Z,staging/collection/tle/tles_20260721_231437.txt,75,2026-07-21T23:14:37Z,CYGFM05,TIMED,2026-07-21T14:26:08Z,2026-07-21T07:54:45Z,15.331,2026-07-22T04:05:26.650770Z,290.827512833,6411.031,199.127,11.657348,398.386,585.995,187.609,188.301,41.031,-50.109,99.852,-8.408330,6.728700,141.332,0.0934378059,0,0,0,41884,26998
20260721_231437,preset:leo_mixed,leo_mixed,iac26-leo-mixed-75-v1,64c3d2329281da0e246226cb552aafe3b961c553c9487d7cfd9c96374aaa1f4c,2026-07-21T23:14:37Z,staging/collection/tle/tles_20260721_231437.txt,75,2026-07-21T23:14:37Z,LANDSAT 8,COSMOS 2251 DEB,2026-07-21T13:34:38Z,2026-07-21T10:06:55Z,13.128,2026-07-22T09:01:41.618043Z,587.076967383,6318.619,119.910,9.360899,710.098,728.945,18.846,85.301,-65.523,52.999,77.688,6.586425,4.604640,34.958,0.0924782293,0,0,0,39084,33915
20260721_231437,preset:leo_mixed,leo_mixed,iac26-leo-mixed-75-v1,64c3d2329281da0e246226cb552aafe3b961c553c9487d7cfd9c96374aaa1f4c,2026-07-21T23:14:37Z,staging/collection/tle/tles_20260721_231437.txt,75,2026-07-21T23:14:37Z,COSMOS 2251 DEB,COSMOS 2251 DEB,2026-07-21T11:05:20Z,2026-07-21T11:35:11Z,12.155,2026-07-22T00:09:42.350194Z,55.089169900,3046.880,193.436,9.180048,634.332,1195.040,560.708,186.607,-37.877,34.069,75.036,-8.111996,2.830058,160.767,0.0912846062,0,0,0,33911,33914
20260721_231437,preset:leo_mixed,leo_mixed,iac26-leo-mixed-75-v1,64c3d2329281da0e246226cb552aafe3b961c553c9487d7cfd9c96374aaa1f4c,2026-07-21T23:14:37Z,staging/collection/tle/tles_20260721_231437.txt,75,2026-07-21T23:14:37Z,RESURS-DK 1,COSMOS 2251 DEB,2026-07-21T12:57:17Z,2026-07-21T00:19:34Z,22.917,2026-07-22T07:47:59.678028Z,513.377967133,12388.249,195.455,13.769515,527.720,691.065,163.345,195.174,-4.073,9.654,132.189,4.527324,3.426781,37.122,0.0906654196,0,0,0,29228,33835
20260721_231437,preset:leo_mixed,leo_mixed,iac26-leo-mixed-75-v1,64c3d2329281da0e246226cb552aafe3b961c553c9487d7cfd9c96374aaa1f4c,2026-07-21T23:14:37Z,staging/collection/tle/tles_20260721_231437.txt,75,2026-07-21T23:14:37Z,COSMOS 2251 DEB,COSMOS 2251 DEB,2026-07-21T14:38:49Z,2026-07-21T11:05:20Z,12.155,2026-07-22T09:11:20.487218Z,596.724786967,5344.748,108.721,8.164960,719.175,634.332,84.843,-91.282,50.146,31.197,65.850,-4.813786,6.940905,124.743,0.0879581070,0,0,0,33758,33911
20260721_231437,preset:leo_mixed,leo_mixed,iac26-leo-mixed-75-v1,64c3d2329281da0e246226cb552aafe3b961c553c9487d7cfd9c96374aaa1f4c,2026-07-21T23:14:37Z,staging/collection/tle/tles_20260721_231437.txt,75,2026-07-21T23:14:37Z,SENTINEL-2A,COSMOS 2251 DEB,2026-07-21T14:53:14Z,2026-07-21T10:06:55Z,13.128,2026-07-22T09:51:41.438195Z,637.073969917,7382.073,114.074,8.929905,793.067,728.945,64.123,-32.260,-88.253,-64.682,73.369,4.749918,1.377410,16.171,0.0872974640,0,0,0,40697,33915
20260721_231437,preset:leo_mixed,leo_mixed,iac26-leo-mixed-75-v1,64c3d2329281da0e246226cb552aafe3b961c553c9487d7cfd9c96374aaa1f4c,2026-07-21T23:14:37Z,staging/collection/tle/tles_20260721_231437.txt,75,2026-07-21T23:14:37Z,IRIDIUM 33 DEB,COSMOS 2251 DEB,2026-07-21T06:20:42Z,2026-07-21T09:19:05Z,16.898,2026-07-22T08:30:28.948101Z,555.865801683,7980.266,186.484,12.786916,664.721,752.519,87.798,165.726,43.949,-73.344,117.714,-9.401100,5.329972,150.449,0.0841997994,0,0,0,33860,33819
20260721_231437,preset:leo_mixed,leo_mixed,iac26-leo-mixed-75-v1,64c3d2329281da0e246226cb552aafe3b961c553c9487d7cfd9c96374aaa1f4c,2026-07-21T23:14:37Z,staging/collection/tle/tles_20260721_231437.txt,75,2026-07-21T23:14:37Z,COSMOS 2251 DEB,COSMOS 2251 DEB,2026-07-21T11:05:20Z,2026-07-21T10:06:55Z,13.128,2026-07-22T09:03:26.179607Z,588.819660117,5804.300,156.315,11.071976,634.332,728.945,94.613,155.950,-7.716,-7.375,95.327,4.857009,11.063066,66.297,0.0837363655,0,0,0,33911,33915
20260721_231437,preset:leo_mixed,leo_mixed,iac26-leo-mixed-75-v1,64c3d2329281da0e246226cb552aafe3b961c553c9487d7cfd9c96374aaa1f4c,2026-07-21T23:14:37Z,staging/collection/tle/tles_20260721_231437.txt,75,2026-07-21T23:14:37Z,AURA,IRIDIUM 33,2026-07-21T13:31:32Z,2026-07-21T07:36:32Z,15.635,2026-07-22T11:03:10.820872Z,708.563681200,9852.392,181.558,14.957901,695.275,767.845,72.570,81.534,9.602,161.936,173.095,-10.764820,0.599443,176.813,0.0836949444,0,0,0,28376,24946
20260721_231437,preset:leo_mixed,leo_mixed,iac26-leo-mixed-75-v1,64c3d2329281da0e246226cb552aafe3b961c553c9487d7cfd9c96374aaa1f4c,2026-07-21T23:14:37Z,staging/collection/tle/tles_20260721_231437.txt,75,2026-07-21T23:14:37Z,AQUA,SENTINEL-3A,2026-07-21T14:39:49Z,2026-07-21T13:55:27Z,9.319,2026-07-22T06:22:56.317334Z,428.321955567,10658.371,187.268,11.052174,681.716,807.397,125.681,114.863,98.099,-110.690,95.471,2.827055,3.571188,51.634,0.0829267896,0,0,0,27424,41335
20260721_231437,preset:leo_mixed,leo_mixed,iac26-leo-mixed-75-v1,64c3d2329281da0e246226cb552aafe3b961c553c9487d7cfd9c96374aaa1f4c,2026-07-21T23:14:37Z,staging/collection/tle/tles_20260721_231437.txt,75,2026-07-21T23:14:37Z,IRIDIUM 33 DEB,COSMOS 2251 DEB,2026-07-21T14:46:58Z,2026-07-21T05:13:49Z,18.013,2026-07-22T10:18:43.469687Z,664.107828117,2669.163,191.211,14.606723,737.886,904.460,166.574,72.277,-37.339,173.041,154.759,4.686985,14.003265,71.494,0.0823208330,0,0,0,33775,33917
20260721_231437,preset:leo_mixed,leo_mixed,iac26-leo-mixed-75-v1,64c3d2329281da0e246226cb552aafe3b961c553c9487d7cfd9c96374aaa1f4c,2026-07-21T23:14:37Z,staging/collection/tle/tles_20260721_231437.txt,75,2026-07-21T23:14:37Z,IRIDIUM 33 DEB,IRIDIUM 33 DEB,2026-07-21T07:19:22Z,2026-07-21T07:21:48Z,15.921,2026-07-22T00:06:53.797550Z,52.279959167,545.689,70.338,2.933844,760.359,722.217,38.142,-55.711,-42.381,-6.890,22.549,-2.388954,1.643145,145.479,0.0803929681,0,0,0,33850,33953
20260721_231437,preset:leo_mixed,leo_mixed,iac26-leo-mixed-75-v1,64c3d2329281da0e246226cb552aafe3b961c553c9487d7cfd9c96374aaa1f4c,2026-07-21T23:14:37Z,staging/collection/tle/tles_20260721_231437.txt,75,2026-07-21T23:14:37Z,LEGION 3,IRIDIUM 33 DEB,2026-07-21T09:36:15Z,2026-07-21T07:32:42Z,15.699,2026-07-22T10:35:57.613977Z,681.343566283,7030.378,155.252,11.798693,526.228,676.007,149.779,154.734,-7.746,10.032,102.703,-6.169815,10.941386,119.419,0.0800772610,0,0,0,60452,34077
20260721_231437,preset:leo_mixed,leo_mixed,iac26-leo-mixed-75-v1,64c3d2329281da0e246226cb552aafe3b961c553c9487d7cfd9c96374aaa1f4c,2026-07-21T23:14:37Z,staging/collection/tle/tles_20260721_231437.txt,75,2026-07-21T23:14:37Z,COSMOS 2251 DEB,COSMOS 2251 DEB,2026-07-21T11:23:19Z,2026-07-21T09:10:06Z,14.075,2026-07-22T01:57:41.339034Z,163.072317233,4986.864,154.775,6.854504,790.056,1162.299,372.242,97.318,-107.845,-53.423,54.594,-3.845479,6.037001,122.497,0.0785432764,0,0,0,33757,33768
20260721_231437,preset:leo_mixed,leo_mixed,iac26-leo-mixed-75-v1,64c3d2329281da0e246226cb552aafe3b961c553c9487d7cfd9c96374aaa1f4c,2026-07-21T23:14:37Z,staging/collection/tle/tles_20260721_231437.txt,75,2026-07-21T23:14:37Z,IRIDIUM 33 DEB,COSMOS 2251 DEB,2026-07-21T07:15:55Z,2026-07-21T06:44:37Z,16.500,2026-07-22T02:02:54.200277Z,168.286671283,4583.618,103.958,4.598186,626.142,781.216,155.074,94.772,40.435,13.807,35.814,-1.441722,2.158858,123.736,0.0781239842,0,0,0,33862,33762
20260721_231437,preset:leo_mixed,leo_mixed,iac26-leo-mixed-75-v1,64c3d2329281da0e246226cb552aafe3b961c553c9487d7cfd9c96374aaa1f4c,2026-07-21T23:14:37Z,staging/collection/tle/tles_20260721_231437.txt,75,2026-07-21T23:14:37Z,COSMOS 2251 DEB,COSMOS 2251 DEB,2026-07-21T11:46:43Z,2026-07-21T09:08:37Z,14.100,2026-07-22T02:15:45.913985Z,181.148566417,7535.340,176.052,7.711849,1035.838,757.316,278.522,-116.148,115.457,-64.604,62.184,1.778228,2.116082,49.958,0.0765875918,0,0,0,33823,33828
20260721_231437,preset:leo_mixed,leo_mixed,iac26-leo-mixed-75-v1,64c3d2329281da0e246226cb552aafe3b961c553c9487d7cfd9c96374aaa1f4c,2026-07-21T23:14:37Z,staging/collection/tle/tles_20260721_231437.txt,75,2026-07-21T23:14:37Z,IRIDIUM 33 DEB,COSMOS 2251 DEB,2026-07-21T10:23:33Z,2026-07-21T06:34:42Z,16.665,2026-07-22T02:54:18.299921Z,219.688332017,6643.041,149.243,6.651164,581.277,711.164,129.887,129.373,-65.714,-34.895,52.515,-0.159354,2.581523,93.532,0.0755341156,0,0,0,33960,33912
20260721_231437,preset:leo_mixed,leo_mixed,iac26-leo-mixed-75-v1,64c3d2329281da0e246226cb552aafe3b961c553c9487d7cfd9c96374aaa1f4c,2026-07-21T23:14:37Z,staging/collection/tle/tles_20260721_231437.txt,75,2026-07-21T23:14:37Z,HST,IRIDIUM 33 DEB,2026-07-21T08:48:03Z,2026-07-21T10:23:33Z,14.443,2026-07-22T08:57:58.296613Z,583.354943550,7577.733,119.190,7.486878,466.409,581.277,114.868,117.067,19.357,-11.268,59.000,-3.508676,7.434346,115.265,0.0747359327,0,0,0,20580,33960
20260721_231437,preset:leo_mixed,leo_mixed,iac26-leo-mixed-75-v1,64c3d2329281da0e246226cb552aafe3b961c553c9487d7cfd9c96374aaa1f4c,2026-07-21T23:14:37Z,staging/collection/tle/tles_20260721_231437.txt,75,2026-07-21T23:14:37Z,COSMOS 2251 DEB,COSMOS 2251 DEB,2026-07-21T09:10:06Z,2026-07-21T05:13:49Z,18.013,2026-07-22T08:54:13.249372Z,579.604156200,2844.935,179.459,11.019150,1162.299,904.460,257.839,140.630,-66.899,-89.181,97.913,3.007355,10.860284,74.522,0.0733751493,0,0,0,33768,33917
20260721_231437,preset:leo_mixed,leo_mixed,iac26-leo-mixed-75-v1,64c3d2329281da0e246226cb552aafe3b961c553c9487d7cfd9c96374aaa1f4c,2026-07-21T23:14:37Z,staging/collection/tle/tles_20260721_231437.txt,75,2026-07-21T23:14:37Z,CSS (TIANHE),IRIDIUM 33 DEB,2026-07-21T10:22:13Z,2026-07-21T10:23:33Z,12.873,2026-07-22T05:10:25.238551Z,355.803975850,9942.674,196.443,9.517772,389.125,581.277,192.153,189.884,38.387,32.567,77.223,0.948528,5.943597,80.933,0.0729581106,0,0,0,48274,33960
20260721_231437,preset:leo_mixed,leo_mixed,iac26-leo-mixed-75-v1,64c3d2329281da0e246226cb552aafe3b961c553c9487d7cfd9c96374aaa1f4c,2026-07-21T23:14:37Z,staging/collection/tle/tles_20260721_231437.txt,75,2026-07-21T23:14:37Z,COSMOS 2251 DEB,COSMOS 2251 DEB,2026-07-21T09:19:05Z,2026-07-21T11:05:20Z,13.925,2026-07-22T08:23:04.782702Z,548.463045033,6420.662,182.190,9.309309,752.519,634.332,118.187,-170.091,-51.503,40.118,76.850,-3.770645,10.215261,110.260,0.0632703985,0,0,0,33819,33911
20260721_231437,preset:leo_mixed,leo_mixed,iac26-leo-mixed-75-v1,64c3d2329281da0e246226cb552aafe3b961c553c9487d7cfd9c96374aaa1f4c,2026-07-21T23:14:37Z,staging/collection/tle/tles_20260721_231437.txt,75,2026-07-21T23:14:37Z,IRIDIUM 33 DEB,COSMOS 2251 DEB,2026-07-21T09:44:08Z,2026-07-21T02:55:33Z,20.318,2026-07-22T10:30:04.888276Z,675.464804600,11844.776,190.130,11.279965,855.090,660.163,194.927,-188.242,-16.822,20.764,98.347,3.181815,6.649832,64.430,0.0629974734,0,0,0,33866,33779
20260721_231437,preset:leo_mixed,leo_mixed,iac26-leo-mixed-75-v1,64c3d2329281da0e246226cb552aafe3b961c553c9487d7cfd9c96374aaa1f4c,2026-07-21T23:14:37Z,staging/collection/tle/tles_20260721_231437.txt,75,2026-07-21T23:14:37Z,NOAA 21 (JPSS-2),COSMOS 2251 DEB,2026-07-21T13:43:22Z,2026-07-21T09:21:49Z,13.880,2026-07-21T23:40:53.113998Z,26.268566633,4037.430,129.021,4.130523,835.082,811.665,23.416,118.967,-46.727,17.598,32.516,0.194110,0.031984,9.357,0.0628608691,0,0,0,54234,33822
20260721_231437,preset:leo_mixed,leo_mixed,iac26-leo-mixed-75-v1,64c3d2329281da0e246226cb552aafe3b961c553c9487d7cfd9c96374aaa1f4c,2026-07-21T23:14:37Z,staging/collection/tle/tles_20260721_231437.txt,75,2026-07-21T23:14:37Z,LANDSAT 9,SWOT,2026-07-21T04:30:57Z,2026-07-21T15:26:41Z,18.728,2026-07-22T07:21:47.833423Z,487.180557050,10156.003,195.927,9.299954,697.641,897.963,200.322,190.976,33.491,28.181,77.167,3.402096,7.261023,64.895,0.0628150838,0,0,0,49260,54754
20260721_231437,preset:leo_mixed,leo_mixed,iac26-leo-mixed-75-v1,64c3d2329281da0e246226cb552aafe3b961c553c9487d7cfd9c96374aaa1f4c,2026-07-21T23:14:37Z,staging/collection/tle/tles_20260721_231437.txt,75,2026-07-21T23:14:37Z,COSMOS 2251 DEB,COSMOS 2251 DEB,2026-07-21T15:19:10Z,2026-07-21T12:58:02Z,10.276,2026-07-22T06:35:33.113080Z,440.935218000,2664.391,154.534,6.790587,618.569,687.224,68.655,70.955,121.754,-63.421,53.620,-0.798958,7.315910,96.232,0.0609738988,0,0,0,33836,33920
20260721_231437,preset:leo_mixed,leo_mixed,iac26-leo-mixed-75-v1,64c3d2329281da0e246226cb552aafe3b961c553c9487d7cfd9c96374aaa1f4c,2026-07-21T23:14:37Z,staging/collection/tle/tles_20260721_231437.txt,75,2026-07-21T23:14:37Z,IRIDIUM 33 DEB,COSMOS 2251 DEB,2026-07-21T06:40:11Z,2026-07-21T06:44:37Z,16.574,2026-07-22T01:07:04.031285Z,112.450521417,1836.006,80.333,2.608064,726.568,781.216,54.648,68.514,-40.862,9.461,20.078,-1.776095,0.709285,158.231,0.0598604395,0,0,0,34071,33762
20260721_231437,preset:leo_mixed,leo_mixed,iac26-leo-mixed-75-v1,64c3d2329281da0e246226cb552aafe3b961c553c9487d7cfd9c96374aaa1f4c,2026-07-21T23:14:37Z,staging/collection/tle/tles_20260721_231437.txt,75,2026-07-21T23:14:37Z,IRIDIUM 33 DEB,COSMOS 2251 DEB,2026-07-21T05:19:56Z,2026-07-21T06:44:37Z,17.911,2026-07-22T05:22:25.810807Z,367.813513450,4935.902,96.769,3.862731,680.867,781.216,100.349,95.875,-12.605,-3.669,29.907,-0.917107,3.769107,103.676,0.0594422490,0,0,0,34521,33762
20260721_231437,preset:leo_mixed,leo_mixed,iac26-leo-mixed-75-v1,64c3d2329281da0e246226cb552aafe3b961c553c9487d7cfd9c96374aaa1f4c,2026-07-21T23:14:37Z,staging/collection/tle/tles_20260721_231437.txt,75,2026-07-21T23:14:37Z,SENTINEL-5P,COSMOS 2251 DEB,2026-07-21T05:55:02Z,2026-07-21T15:19:10Z,17.326,2026-07-21T23:25:06.064687Z,10.484411450,3248.114,194.037,5.543261,818.657,618.569,200.088,-192.608,22.158,7.853,43.447,-4.371010,0.143996,178.113,0.0567200134,0,0,0,42969,33836
20260721_231437,preset:leo_mixed,leo_mixed,iac26-leo-mixed-75-v1,64c3d2329281da0e246226cb552aafe3b961c553c9487d7cfd9c96374aaa1f4c,2026-07-21T23:14:37Z,staging/collection/tle/tles_20260721_231437.txt,75,2026-07-21T23:14:37Z,COSMOS 2251 DEB,COSMOS 2251 DEB,2026-07-21T09:44:08Z,2026-07-21T14:12:04Z,13.508,2026-07-22T06:16:31.373799Z,421.906229983,8617.408,189.251,7.472793,812.823,641.895,170.928,-150.049,-101.566,-54.640,59.952,0.525198,5.237504,84.274,0.0558342846,0,0,0,33766,33830
20260721_231437,preset:leo_mixed,leo_mixed,iac26-leo-mixed-75-v1,64c3d2329281da0e246226cb552aafe3b961c553c9487d7cfd9c96374aaa1f4c,2026-07-21T23:14:37Z,staging/collection/tle/tles_20260721_231437.txt,75,2026-07-21T23:14:37Z,IRIDIUM 33 DEB,IRIDIUM 33 DEB,2026-07-21T09:44:08Z,2026-07-21T06:40:11Z,16.574,2026-07-22T10:24:42.064893Z,670.084414883,9227.757,184.857,9.328378,855.090,726.568,128.522,-87.149,-127.704,-101.336,77.563,-3.099402,4.145944,126.781,0.0539610850,0,0,0,33866,34071
20260721_231437,preset:leo_mixed,leo_mixed,iac26-leo-mixed-75-v1,64c3d2329281da0e246226cb552aafe3b961c553c9487d7cfd9c96374aaa1f4c,2026-07-21T23:14:37Z,staging/collection/tle/tles_20260721_231437.txt,75,2026-07-21T23:14:37Z,CSS (TIANHE),HST,2026-07-21T10:22:13Z,2026-07-21T08:48:03Z,14.443,2026-07-22T06:58:01.739581Z,463.412326350,3467.874,161.550,6.420479,389.125,466.409,77.284,76.377,128.073,62.147,49.560,1.271920,7.317938,80.140,0.0539062645,0,0,0,48274,20580
20260721_231437,preset:leo_mixed,leo_mixed,iac26-leo-mixed-75-v1,64c3d2329281da0e246226cb552aafe3b961c553c9487d7cfd9c96374aaa1f4c,2026-07-21T23:14:37Z,staging/collection/tle/tles_20260721_231437.txt,75,2026-07-21T23:14:37Z,COSMOS 2251 DEB,COSMOS 2251 DEB,2026-07-21T14:38:49Z,2026-07-21T10:37:51Z,12.613,2026-07-22T10:56:42.965302Z,702.099421700,3754.784,172.695,9.011465,719.175,765.160,45.985,37.817,133.987,-102.181,74.124,-4.936985,7.916135,121.950,0.0534787073,0,0,0,33758,33760
20260721_231437,preset:leo_mixed,leo_mixed,iac26-leo-mixed-75-v1,64c3d2329281da0e246226cb552aafe3b961c553c9487d7cfd9c96374aaa1f4c,2026-07-21T23:14:37Z,staging/collection/tle/tles_20260721_231437.txt,75,2026-07-21T23:14:37Z,CYGFM04,SWARM B,2026-07-21T14:06:31Z,2026-07-21T15:10:59Z,9.135,2026-07-22T07:36:54.778895Z,502.296314917,6371.838,176.253,7.158582,380.651,474.405,93.754,107.355,122.091,-68.072,55.711,3.463940,7.042847,63.810,0.0528960265,0,0,0,41885,39451
20260721_231437,preset:leo_mixed,leo_mixed,iac26-leo-mixed-75-v1,64c3d2329281da0e246226cb552aafe3b961c553c9487d7cfd9c96374aaa1f4c,2026-07-21T23:14:37Z,staging/collection/tle/tles_20260721_231437.txt,75,2026-07-21T23:14:37Z,NOAA 15,COSMOS 2251 DEB,2026-07-21T14:37:48Z,2026-07-21T14:12:04Z,9.042,2026-07-22T10:18:27.045271Z,663.834087850,11093.972,189.274,8.813121,803.936,641.895,162.042,-188.753,-11.785,-7.622,71.959,-2.136129,8.643524,103.882,0.0501950133,0,0,0,25338,33830
20260721_231437,preset:leo_mixed,leo_mixed,iac26-leo-mixed-75-v1,64c3d2329281da0e246226cb552aafe3b961c553c9487d7cfd9c96374aaa1f4c,2026-07-21T23:14:37Z,staging/collection/tle/tles_20260721_231437.txt,75,2026-07-21T23:14:37Z,IRIDIUM 33 DEB,COSMOS 2251 DEB,2026-07-21T10:23:33Z,2026-07-21T06:07:20Z,17.121,2026-07-22T10:56:23.756928Z,701.779282133,9769.358,146.599,7.107845,581.277,719.443,138.165,139.037,-40.030,-23.613,56.445,-2.097882,8.852713,103.332,0.0497119324,0,0,0,33960,33913
20260721_231437,preset:leo_mixed,leo_mixed,iac26-leo-mixed-75-v1,64c3d2329281da0e246226cb552aafe3b961c553c9487d7cfd9c96374aaa1f4c,2026-07-21T23:14:37Z,staging/collection/tle/tles_20260721_231437.txt,75,2026-07-21T23:14:37Z,SWARM B,IRIDIUM 33 DEB,2026-07-21T15:10:59Z,2026-07-21T13:45:59Z,9.477,2026-07-22T08:50:29.622878Z,575.877047967,4203.071,137.808,5.704424,474.405,537.815,63.410,65.566,111.543,-47.436,44.017,-2.620725,6.083719,113.305,0.0496798258,0,0,0,39451,34088
20260721_231437,preset:leo_mixed,leo_mixed,iac26-leo-mixed-75-v1,64c3d2329281da0e246226cb552aafe3b961c553c9487d7cfd9c96374aaa1f4c,2026-07-21T23:14:37Z,staging/collection/tle/tles_20260721_231437.txt,75,2026-07-21T23:14:37Z,SWARM B,COSMOS 2251 DEB,2026-07-21T15:10:59Z,2026-07-21T00:19:34Z,22.917,2026-07-22T10:29:55.803874Z,675.313397900,9540.931,186.149,8.158896,474.405,691.065,216.660,183.571,25.938,16.745,65.103,-0.696885,13.153654,93.033,0.0465503039,0,0,0,39451,33835
20260721_231437,preset:leo_mixed,leo_mixed,iac26-leo-mixed-75-v1,64c3d2329281da0e246226cb552aafe3b961c553c9487d7cfd9c96374aaa1f4c,2026-07-21T23:14:37Z,staging/collection/tle/tles_20260721_231437.txt,75,2026-07-21T23:14:37Z,COSMOS 2251 DEB,COSMOS 2251 DEB,2026-07-21T11:05:20Z,2026-07-21T06:07:20Z,17.121,2026-07-22T03:29:26.015444Z,254.816924067,3353.701,186.383,4.930708,634.332,719.443,85.111,94.818,-150.279,-56.252,38.292,-3.143512,3.614083,131.017,0.0435468422,0,0,0,33911,33913
20260721_231437,preset:leo_mixed,leo_mixed,iac26-leo-mixed-75-v1,64c3d2329281da0e246226cb552aafe3b961c553c9487d7cfd9c96374aaa1f4c,2026-07-21T23:14:37Z,staging/collection/tle/tles_20260721_231437.txt,75,2026-07-21T23:14:37Z,IRIDIUM 33 DEB,COSMOS 2251 DEB,2026-07-21T07:15:55Z,2026-07-21T11:23:19Z,15.978,2026-07-22T06:53:19.012896Z,458.700214933,5924.551,99.978,3.041576,626.142,790.056,163.915,94.308,32.327,7.519,23.473,-0.968068,6.176037,98.908,0.0414632533,0,0,0,33862,33757
20260721_231437,preset:leo_mixed,leo_mixed,iac26-leo-mixed-75-v1,64c3d2329281da0e246226cb552aafe3b961c553c9487d7cfd9c96374aaa1f4c,2026-07-21T23:14:37Z,staging/collection/tle/tles_20260721_231437.txt,75,2026-07-21T23:14:37Z,IRIDIUM 33 DEB,IRIDIUM 33 DEB,2026-07-21T07:19:22Z,2026-07-21T07:32:42Z,15.921,2026-07-22T04:16:21.052743Z,301.734212383,2411.416,95.048,2.431240,760.359,676.007,84.351,-88.019,35.722,-3.281,18.690,-0.785077,3.262642,103.530,0.0404386175,0,0,0,33850,34077
20260721_231437,preset:leo_mixed,leo_mixed,iac26-leo-mixed-75-v1,64c3d2329281da0e246226cb552aafe3b961c553c9487d7cfd9c96374aaa1f4c,2026-07-21T23:14:37Z,staging/collection/tle/tles_20260721_231437.txt,75,2026-07-21T23:14:37Z,IRIDIUM 33 DEB,IRIDIUM 33 DEB,2026-07-21T14:46:58Z,2026-07-21T15:45:59Z,8.461,2026-07-22T09:13:07.889261Z,598.514821017,8121.754,176.006,6.071084,737.886,597.791,140.095,-147.275,89.390,-36.020,47.595,-2.091278,9.291350,102.685,0.0403137521,0,0,0,33775,34079
20260721_231437,preset:leo_mixed,leo_mixed,iac26-leo-mixed-75-v1,64c3d2329281da0e246226cb552aafe3b961c553c9487d7cfd9c96374aaa1f4c,2026-07-21T23:14:37Z,staging/collection/tle/tles_20260721_231437.txt,75,2026-07-21T23:14:37Z,TERRA,RESURS-DK 1,2026-07-21T14:52:08Z,2026-07-21T12:57:17Z,10.289,2026-07-22T01:39:50.879143Z,145.231319050,2275.771,163.990,3.664173,693.915,527.720,166.196,-163.764,8.386,-1.911,28.064,-0.145375,4.400299,91.892,0.0401807367,0,0,0,25994,29228
20260721_231437,preset:leo_mixed,leo_mixed,iac26-leo-mixed-75-v1,64c3d2329281da0e246226cb552aafe3b961c553c9487d7cfd9c96374aaa1f4c,2026-07-21T23:14:37Z,staging/collection/tle/tles_20260721_231437.txt,75,2026-07-21T23:14:37Z,AURA,COSMOS 2251 DEB,2026-07-21T13:31:32Z,2026-07-21T14:12:04Z,9.718,2026-07-22T02:42:59.662071Z,208.377701183,2323.483,138.129,3.216951,695.275,641.895,53.380,-33.222,131.251,-27.366,24.704,-2.106409,1.386484,146.646,0.0398387705,0,0,0,28376,33830
20260721_231437,preset:leo_mixed,leo_mixed,iac26-leo-mixed-75-v1,64c3d2329281da0e246226cb552aafe3b961c553c9487d7cfd9c96374aaa1f4c,2026-07-21T23:14:37Z,staging/collection/tle/tles_20260721_231437.txt,75,2026-07-21T23:14:37Z,IRIDIUM 33 DEB,IRIDIUM 33 DEB,2026-07-21T12:27:06Z,2026-07-21T06:20:42Z,16.898,2026-07-22T04:31:13.761676Z,316.612694600,1776.285,50.497,1.284483,703.972,664.721,39.250,-44.760,-23.360,-0.889,9.818,-0.225185,1.417693,99.025,0.0396880654,0,0,0,33777,33860
20260721_231437,preset:leo_mixed,leo_mixed,iac26-leo-mixed-75-v1,64c3d2329281da0e246226cb552aafe3b961c553c9487d7cfd9c96374aaa1f4c,2026-07-21T23:14:37Z,staging/collection/tle/tles_20260721_231437.txt,75,2026-07-21T23:14:37Z,IRIDIUM 33 DEB,IRIDIUM 33 DEB,2026-07-21T07:15:55Z,2026-07-21T06:40:11Z,16.574,2026-07-22T03:46:44.046766Z,272.117446100,2854.784,96.548,2.339754,626.142,726.568,100.426,68.485,-66.482,-14.546,17.961,0.016688,1.939045,89.507,0.0393089641,0,0,0,33862,34071
20260721_231437,preset:leo_mixed,leo_mixed,iac26-leo-mixed-75-v1,64c3d2329281da0e246226cb552aafe3b961c553c9487d7cfd9c96374aaa1f4c,2026-07-21T23:14:37Z,staging/collection/tle/tles_20260721_231437.txt,75,2026-07-21T23:14:37Z,SENTINEL-2A,IRIDIUM 33 DEB,2026-07-21T14:53:14Z,2026-07-21T05:19:56Z,17.911,2026-07-22T02:23:33.685428Z,188.944757133,2510.724,116.740,2.546554,793.067,680.867,112.200,-115.033,-19.798,1.902,19.604,1.053799,2.788148,69.296,0.0379033031,0,0,0,40697,34521
20260721_231437,preset:leo_mixed,leo_mixed,iac26-leo-mixed-75-v1,64c3d2329281da0e246226cb552aafe3b961c553c9487d7cfd9c96374aaa1f4c,2026-07-21T23:14:37Z,staging/collection/tle/tles_20260721_231437.txt,75,2026-07-21T23:14:37Z,COSMOS 2251 DEB,COSMOS 2251 DEB,2026-07-21T10:10:46Z,2026-07-21T15:19:10Z,13.064,2026-07-22T02:31:19.712518Z,196.711875300,2396.109,134.358,2.577945,753.472,618.569,134.903,-134.335,-2.175,-1.203,19.777,-0.178363,3.631317,92.812,0.0331321350,0,0,0,33761,33836
20260721_231437,preset:leo_mixed,leo_mixed,iac26-leo-mixed-75-v1,64c3d2329281da0e246226cb552aafe3b961c553c9487d7cfd9c96374aaa1f4c,2026-07-21T23:14:37Z,staging/collection/tle/tles_20260721_231437.txt,75,2026-07-21T23:14:37Z,NOAA 21 (JPSS-2),COSMOS 2251 DEB,2026-07-21T13:43:22Z,2026-07-21T06:34:42Z,16.665,2026-07-22T07:35:06.129716Z,500.485495267,5090.754,135.689,3.417951,835.082,711.164,123.917,-119.178,-63.876,-11.310,26.452,0.033442,6.280142,89.695,0.0328693450,0,0,0,54234,33912
20260721_231437,preset:leo_mixed,leo_mixed,iac26-leo-mixed-75-v1,64c3d2329281da0e246226cb552aafe3b961c553c9487d7cfd9c96374aaa1f4c,2026-07-21T23:14:37Z,staging/collection/tle/tles_20260721_231437.txt,75,2026-07-21T23:14:37Z,NOAA 20 (JPSS-1),COSMOS 2251 DEB,2026-07-21T14:38:30Z,2026-07-21T02:55:33Z,20.318,2026-07-22T11:13:29.389562Z,718.873159367,11506.178,192.996,6.320730,825.286,660.163,165.123,-191.927,18.783,-7.677,49.882,-0.718153,10.501094,93.912,0.0328017798,0,0,0,43013,33779
20260721_231437,preset:leo_mixed,leo_mixed,iac26-leo-mixed-75-v1,64c3d2329281da0e246226cb552aafe3b961c553c9487d7cfd9c96374aaa1f4c,2026-07-21T23:14:37Z,staging/collection/tle/tles_20260721_231437.txt,75,2026-07-21T23:14:37Z,SWARM B,COSMOS 2251 DEB,2026-07-21T15:10:59Z,2026-07-21T08:13:15Z,15.023,2026-07-22T06:18:57.830977Z,424.347182950,6715.836,119.352,2.758520,474.405,673.599,199.193,115.581,-28.923,-7.021,20.920,0.104883,7.592978,89.209,0.0326032476,0,0,0,39451,33825
20260721_231437,preset:leo_mixed,leo_mixed,iac26-leo-mixed-75-v1,64c3d2329281da0e246226cb552aafe3b961c553c9487d7cfd9c96374aaa1f4c,2026-07-21T23:14:37Z,staging/collection/tle/tles_20260721_231437.txt,75,2026-07-21T23:14:37Z,COSMOS 2251 DEB,COSMOS 2251 DEB,2026-07-21T09:21:49Z,2026-07-21T06:34:42Z,16.665,2026-07-22T07:55:06.450898Z,520.490848300,6698.032,167.889,3.728062,811.665,711.164,100.501,-162.607,41.640,3.444,29.029,-0.826055,6.202471,97.586,0.0283585528,0,0,0,33822,33912
20260721_231437,preset:leo_mixed,leo_mixed,iac26-leo-mixed-75-v1,64c3d2329281da0e246226cb552aafe3b961c553c9487d7cfd9c96374aaa1f4c,2026-07-21T23:14:37Z,staging/collection/tle/tles_20260721_231437.txt,75,2026-07-21T23:14:37Z,SENTINEL-1A,IRIDIUM 33 DEB,2026-07-21T14:01:57Z,2026-07-21T10:23:33Z,12.851,2026-07-22T10:54:21.875085Z,699.747918083,7580.777,146.449,3.757152,702.748,581.277,121.471,-111.473,92.953,19.519,28.911,-0.839973,7.626004,96.286,0.0263765655,0,0,0,39634,33960
20260721_231437,preset:leo_mixed,leo_mixed,iac26-leo-mixed-75-v1,64c3d2329281da0e246226cb552aafe3b961c553c9487d7cfd9c96374aaa1f4c,2026-07-21T23:14:37Z,staging/collection/tle/tles_20260721_231437.txt,75,2026-07-21T23:14:37Z,LANDSAT 9,IRIDIUM 33 DEB,2026-07-21T04:30:57Z,2026-07-21T13:45:59Z,18.728,2026-07-22T05:49:30.455993Z,394.890933217,5746.920,159.130,2.467832,697.641,537.815,159.826,-158.295,-16.246,-1.035,18.802,-0.566705,6.527436,94.962,0.0225108585,0,0,0,49260,34088
20260721_231437,preset:leo_mixed,leo_mixed,iac26-leo-mixed-75-v1,64c3d2329281da0e246226cb552aafe3b961c553c9487d7cfd9c96374aaa1f4c,2026-07-21T23:14:37Z,staging/collection/tle/tles_20260721_231437.txt,75,2026-07-21T23:14:37Z,IRIDIUM 33 DEB,COSMOS 2251 DEB,2026-07-21T09:44:08Z,2026-07-21T09:53:41Z,13.508,2026-07-22T03:16:55.109429Z,242.301823817,1799.308,123.405,1.618399,855.090,740.410,114.680,-26.326,119.979,11.869,12.299,0.383600,2.194321,80.084,0.0218155491,0,0,0,33866,33837
20260721_231437,preset:leo_mixed,leo_mixed,iac26-leo-mixed-75-v1,64c3d2329281da0e246226cb552aafe3b961c553c9487d7cfd9c96374aaa1f4c,2026-07-21T23:14:37Z,staging/collection/tle/tles_20260721_231437.txt,75,2026-07-21T23:14:37Z,CRYOSAT 2,IRIDIUM 33 DEB,2026-07-21T14:39:09Z,2026-07-21T15:45:59Z,8.591,2026-07-22T07:31:31.138823Z,496.902313717,5605.866,171.313,2.546499,711.233,597.791,113.442,-119.842,121.839,-11.885,19.444,-0.588000,6.282088,95.347,0.0194705127,0,0,0,36508,34079
20260721_231437,preset:leo_mixed,leo_mixed,iac26-leo-mixed-75-v1,64c3d2329281da0e246226cb552aafe3b961c553c9487d7cfd9c96374aaa1f4c,2026-07-21T23:14:37Z,staging/collection/tle/tles_20260721_231437.txt,75,2026-07-21T23:14:37Z,IRIDIUM 33 DEB,IRIDIUM 33 DEB,2026-07-21T06:40:11Z,2026-07-21T05:19:56Z,17.911,2026-07-22T10:24:17.173378Z,669.669556300,3518.267,90.522,1.476644,726.568,680.867,45.701,-58.050,-69.419,2.324,11.301,0.032456,3.451222,89.461,0.0174528026,0,0,0,34071,34521
20260721_231437,preset:leo_mixed,leo_mixed,iac26-leo-mixed-75-v1,64c3d2329281da0e246226cb552aafe3b961c553c9487d7cfd9c96374aaa1f4c,2026-07-21T23:14:37Z,staging/collection/tle/tles_20260721_231437.txt,75,2026-07-21T23:14:37Z,IRIDIUM 33 DEB,IRIDIUM 33 DEB,2026-07-21T08:38:42Z,2026-07-21T07:21:48Z,15.880,2026-07-22T10:00:29.093886Z,645.868231433,2652.603,91.005,1.205437,761.217,722.217,39.000,-50.869,75.450,-1.284,9.197,-0.063032,3.022664,91.195,0.0146095622,0,0,0,33773,33953
20260721_231437,preset:leo_mixed,leo_mixed,iac26-leo-mixed-75-v1,64c3d2329281da0e246226cb552aafe3b961c553c9487d7cfd9c96374aaa1f4c,2026-07-21T23:14:37Z,staging/collection/tle/tles_20260721_231437.txt,75,2026-07-21T23:14:37Z,IRIDIUM 33 DEB,COSMOS 2251 DEB,2026-07-21T05:19:56Z,2026-07-21T11:23:19Z,17.911,2026-07-22T11:01:47.737783Z,707.178963050,7123.349,167.930,2.394987,680.867,790.056,109.189,117.296,116.813,-28.229,18.380,-0.504067,7.545919,93.822,0.0145157690,0,0,0,34521,33757
20260721_231437,preset:leo_mixed,leo_mixed,iac26-leo-mixed-75-v1,64c3d2329281da0e246226cb552aafe3b961c553c9487d7cfd9c96374aaa1f4c,2026-07-21T23:14:37Z,staging/collection/tle/tles_20260721_231437.txt,75,2026-07-21T23:14:37Z,IRIDIUM 33 DEB,IRIDIUM 33 DEB,2026-07-21T07:21:48Z,2026-07-21T07:32:42Z,15.880,2026-07-22T09:10:53.499206Z,596.274986767,2027.942,49.477,0.505841,722.217,676.007,46.210,-48.390,10.187,-1.592,3.860,-0.117100,2.184623,93.068,0.0119806985,0,0,0,33953,34077
20260721_231437,preset:leo_mixed,leo_mixed,iac26-leo-mixed-75-v1,64c3d2329281da0e246226cb552aafe3b961c553c9487d7cfd9c96374aaa1f4c,2026-07-21T23:14:37Z,staging/collection/tle/tles_20260721_231437.txt,75,2026-07-21T23:14:37Z,IRIDIUM 33 DEB,IRIDIUM 33 DEB,2026-07-21T08:38:42Z,2026-07-21T07:32:42Z,15.699,2026-07-22T09:10:57.084694Z,596.334744900,4594.985,181.032,1.709215,761.217,676.007,85.209,-88.742,-157.689,-5.632,13.056,-0.221027,5.107391,92.478,0.0110631304,0,0,0,33773,34077
20260721_231437,preset:leo_mixed,leo_mixed,iac26-leo-mixed-75-v1,64c3d2329281da0e246226cb552aafe3b961c553c9487d7cfd9c96374aaa1f4c,2026-07-21T23:14:37Z,staging/collection/tle/tles_20260721_231437.txt,75,2026-07-21T23:14:37Z,SWOT,IRIDIUM 33 DEB,2026-07-21T15:26:41Z,2026-07-21T09:18:30Z,13.935,2026-07-22T06:51:57.624301Z,457.343738350,5258.672,160.539,1.145790,897.963,753.495,144.468,-120.337,105.936,-8.335,8.792,-0.212947,5.544991,92.199,0.0097407512,0,0,0,54754,33776
20260721_231437,preset:leo_mixed,leo_mixed,iac26-leo-mixed-75-v1,64c3d2329281da0e246226cb552aafe3b961c553c9487d7cfd9c96374aaa1f4c,2026-07-21T23:14:37Z,staging/collection/tle/tles_20260721_231437.txt,75,2026-07-21T23:14:37Z,TIMED,COSMOS 2251 DEB,2026-07-21T07:54:45Z,2026-07-21T14:38:49Z,15.331,2026-07-22T07:35:20.792914Z,500.729881900,6282.765,136.346,0.905420,585.995,719.175,133.180,136.329,-0.234,-2.102,6.880,-0.250243,6.713511,92.135,0.0086629657,0,0,0,26998,33758
20260721_231437,preset:leo_mixed,leo_mixed,iac26-leo-mixed-75-v1,64c3d2329281da0e246226cb552aafe3b961c553c9487d7cfd9c96374aaa1f4c,2026-07-21T23:14:37Z,staging/collection/tle/tles_20260721_231437.txt,75,2026-07-21T23:14:37Z,COSMOS 2251 DEB,COSMOS 2251 DEB,2026-07-21T04:27:15Z,2026-07-21T11:05:20Z,18.789,2026-07-22T09:08:58.567173Z,594.359452883,5644.244,141.627,0.803448,744.156,634.332,109.825,-112.157,-85.702,11.585,6.099,-0.186747,6.010857,91.780,0.0066629184,0,0,0,33838,33911
20260721_231437,preset:leo_mixed,leo_mixed,iac26-leo-mixed-75-v1,64c3d2329281da0e246226cb552aafe3b961c553c9487d7cfd9c96374aaa1f4c,2026-07-21T23:14:37Z,staging/collection/tle/tles_20260721_231437.txt,75,2026-07-21T23:14:37Z,LANDSAT 8,SENTINEL-2A,2026-07-21T13:34:38Z,2026-07-21T14:53:14Z,9.666,2026-07-22T09:44:03.649267Z,629.444154450,4931.450,153.300,0.615185,710.098,793.067,82.969,85.329,-122.972,-33.131,4.598,-0.093101,5.150023,91.036,0.0045176734,0,0,0,39084,40697
